Survived,Name,Length,a,b,c,d,e,f,g,h,i,j,k,l,m,n,o,p,q,r,s,t,u,v,w,x,y,z
0,"braund, mr. owen harris",23,2,1,0,1,1,0,0,1,1,0,0,0,1,2,1,0,0,4,1,0,1,0,1,0,0,0
1,"cumings, mrs. john bradley (florence briggs thayer)",51,2,2,2,1,4,1,3,2,2,1,0,2,2,3,2,0,0,5,3,1,1,0,0,0,2,0
1,"heikkinen, miss. laina",22,2,0,0,0,2,0,0,1,4,0,2,1,1,3,0,0,0,0,2,0,0,0,0,0,0,0
1,"futrelle, mrs. jacques heath (lily may peel)",44,3,0,1,0,6,1,0,2,1,1,0,5,2,0,0,1,1,2,2,2,2,0,0,0,2,0
0,"allen, mr. william henry",24,2,0,0,0,2,0,0,1,2,0,0,4,2,2,0,0,0,2,0,0,0,0,1,0,1,0
0,"moran, mr. james",16,2,0,0,0,1,0,0,0,0,1,0,0,3,1,1,0,0,2,1,0,0,0,0,0,0,0
0,"mccarthy, mr. timothy j",23,1,0,2,0,0,0,0,2,1,1,0,0,3,0,1,0,0,2,0,3,0,0,0,0,2,0
0,"palsson, master. gosta leonard",30,4,0,0,1,2,0,1,0,0,0,0,2,1,2,3,1,0,2,4,2,0,0,0,0,0,0
1,"johnson, mrs. oscar w (elisabeth vilhelmina berg)",49,3,2,1,0,4,0,1,3,3,1,0,3,2,3,3,0,0,3,4,1,0,1,1,0,0,0
1,"nasser, mrs. nicholas (adele achem)",35,4,0,2,1,4,0,0,2,1,0,0,2,2,2,1,0,0,2,4,0,0,0,0,0,0,0
1,"sandstrom, miss. marguerite rut",31,2,0,0,1,2,0,1,0,2,0,0,0,3,1,1,0,0,4,4,3,2,0,0,0,0,0
1,"bonnell, miss. elizabeth",24,1,2,0,0,3,0,0,1,2,0,0,3,1,2,1,0,0,0,2,1,0,0,0,0,0,1
0,"saundercock, mr. william henry",30,2,0,2,1,2,0,0,1,2,0,1,2,2,2,1,0,0,3,1,0,1,0,1,0,1,0
0,"andersson, mr. anders johan",27,3,0,0,2,2,0,0,1,0,1,0,0,1,4,2,0,0,3,3,0,0,0,0,0,0,0
0,"vestrom, miss. hulda amanda adolfina",36,6,0,0,3,1,1,0,1,2,0,0,2,3,2,2,0,0,1,3,1,1,1,0,0,0,0
1,"hewlett, mrs. (mary d kingcome) ",32,1,0,1,1,3,0,1,1,1,0,1,1,3,1,1,0,0,2,1,2,0,0,1,0,1,0
0,"rice, master. eugene",20,1,0,1,0,5,0,1,0,1,0,0,0,1,1,0,0,0,2,1,1,1,0,0,0,0,0
1,"williams, mr. charles eugene",28,2,0,1,0,4,0,1,1,2,0,0,3,2,1,0,0,0,2,2,0,1,0,1,0,0,0
0,"vander planke, mrs. julius (emelia maria vandemoortele)",55,6,0,0,2,7,0,0,0,3,1,1,4,4,3,2,1,0,4,2,1,2,2,0,0,0,0
1,"masselmani, mrs. fatima",23,4,0,0,0,1,1,0,0,2,0,0,1,4,1,0,0,0,1,3,1,0,0,0,0,0,0
0,"fynney, mr. joseph j",20,0,0,0,0,2,1,0,1,0,2,0,0,1,2,1,1,0,1,1,0,0,0,0,0,2,0
1,"beesley, mr. lawrence",21,1,1,1,0,5,0,0,0,0,0,0,2,1,1,0,0,0,2,1,0,0,0,1,0,1,0
1,"mcgowan, miss. anna ""annie""",27,4,0,1,0,1,0,1,0,2,0,0,0,2,5,1,0,0,0,2,0,0,0,1,0,0,0
1,"sloper, mr. william thompson",28,1,0,0,0,1,0,0,1,2,0,0,3,3,1,3,2,0,2,2,1,0,0,1,0,0,0
0,"palsson, miss. torborg danira",29,3,1,0,1,0,0,1,0,2,0,0,1,1,2,3,1,0,3,4,1,0,0,0,0,0,0
1,"asplund, mrs. carl oscar (selma augusta emilia johansson)",57,8,0,2,1,2,0,1,1,2,1,0,4,3,3,3,1,0,3,7,1,3,0,0,0,0,0
0,"emir, mr. farred chehab",23,2,1,1,1,3,1,0,2,1,0,0,0,2,0,0,0,0,4,0,0,0,0,0,0,0,0
0,"fortune, mr. charles alexander",30,3,0,1,1,4,1,0,1,0,0,0,2,1,2,1,0,0,4,1,1,1,0,0,1,0,0
1,"o'dwyer, miss. ellen ""nellie""",29,0,0,0,1,5,0,0,0,2,0,0,4,1,2,1,0,0,1,2,0,0,0,1,0,1,0
0,"todoroff, mr. lalio",19,1,0,0,1,0,2,0,0,1,0,0,2,1,0,4,0,0,2,0,1,0,0,0,0,0,0
0,"uruchurtu, don. manuel e",24,1,0,1,1,2,0,0,1,0,0,0,1,1,2,1,0,0,2,0,1,5,0,0,0,0,0
1,"spencer, mrs. william augustus (marie eugenie)",46,3,0,1,0,6,0,2,0,4,0,0,2,3,2,0,1,0,3,4,1,4,0,1,0,0,0
1,"glynn, miss. mary agatha",24,4,0,0,0,0,0,2,1,1,0,0,1,2,2,0,0,0,1,2,1,0,0,0,0,2,0
0,"wheadon, mr. edward h",21,2,0,0,3,2,0,0,2,0,0,0,0,1,1,1,0,0,2,0,0,0,0,2,0,0,0
0,"meyer, mr. edgar joseph",23,1,0,0,1,4,0,1,1,0,1,0,0,2,0,1,1,0,3,1,0,0,0,0,0,1,0
0,"holverson, mr. alexander oskar",30,3,0,0,1,3,0,0,1,0,0,1,2,1,2,3,0,0,4,2,0,0,1,0,1,0,0
1,"mamee, mr. hanna",16,3,0,0,0,2,0,0,1,0,0,0,0,3,2,0,0,0,1,0,0,0,0,0,0,0,0
0,"cann, mr. ernest charles",24,2,0,2,0,3,0,0,1,0,0,0,1,1,3,0,0,0,3,2,1,0,0,0,0,0,0
0,"vander planke, miss. augusta maria",34,6,0,0,1,2,0,1,0,2,0,1,1,2,2,0,1,0,2,3,1,2,1,0,0,0,0
1,"nicola-yarred, miss. jamila",27,4,0,1,1,1,0,0,0,3,1,0,2,2,1,1,0,0,2,2,0,0,0,0,0,1,0
0,"ahlin, mrs. johan (johanna persdotter larsson)",46,5,0,0,1,2,0,0,3,1,2,0,2,1,5,4,1,0,4,4,2,0,0,0,0,0,0
0,"turpin, mrs. william john robert (dorothy ann wonnacott)",56,3,1,1,1,1,0,0,2,3,1,0,2,2,6,6,1,0,5,1,5,1,0,2,0,1,0
0,"kraeff, mr. theodor",19,1,0,0,1,2,2,0,1,0,0,1,0,1,0,2,0,0,3,0,1,0,0,0,0,0,0
1,"laroche, miss. simonne marie anne andree",40,4,0,1,1,6,0,0,1,3,0,0,1,3,5,2,0,0,3,3,0,0,0,0,0,0,0
1,"devaney, miss. margaret delia",29,4,0,0,2,4,0,1,0,2,0,0,1,2,1,0,0,0,2,2,1,0,1,0,0,1,0
0,"rogers, mr. william john",24,1,0,0,0,1,0,1,1,2,1,0,2,2,1,2,0,0,3,1,0,0,0,1,0,0,0
0,"lennon, mr. denis",17,0,0,0,1,2,0,0,0,1,0,0,1,1,4,1,0,0,1,1,0,0,0,0,0,0,0
1,"o'driscoll, miss. bridget",25,0,1,1,2,1,0,1,0,3,0,0,2,1,0,2,0,0,2,3,1,0,0,0,0,0,0
0,"samaan, mr. youssef",19,3,0,0,0,1,1,0,0,0,0,0,0,2,1,1,0,0,1,3,0,1,0,0,0,1,0
0,"arnold-franchi, mrs. josef (josefine franchi)",45,3,0,2,1,3,4,0,2,3,2,0,1,1,4,3,0,0,4,3,0,0,0,0,0,0,0
0,"panula, master. juha niilo",26,4,0,0,0,1,0,0,1,2,1,0,2,1,2,1,1,0,1,1,1,2,0,0,0,0,0
0,"nosworthy, mr. richard cater",28,2,0,2,1,1,0,0,2,1,0,0,0,1,1,2,0,0,5,1,2,0,0,1,0,1,0
1,"harper, mrs. henry sleeper (myna haxtun)",40,3,0,0,0,5,0,0,3,0,0,0,1,2,3,0,2,0,5,2,1,1,0,0,1,2,0
1,"faunthorpe, mrs. lizzie (elizabeth anne wilkinson)",50,3,1,0,0,5,1,0,2,5,0,1,3,1,5,2,1,0,2,2,2,1,0,1,0,0,3
0,"ostby, mr. engelhart cornelius",30,1,1,1,0,3,0,1,1,1,0,0,2,1,2,2,0,0,3,2,2,1,0,0,0,1,0
1,"woolner, mr. hugh",17,0,0,0,0,1,0,1,2,0,0,0,1,1,1,2,0,0,2,0,0,1,0,1,0,0,0
1,"rugg, miss. emily",17,0,0,0,0,1,0,2,0,2,0,0,1,2,0,0,0,0,1,2,0,1,0,0,0,1,0
0,"novel, mr. mansouer",19,1,0,0,0,2,0,0,0,0,0,0,1,2,2,2,0,0,2,1,0,1,1,0,0,0,0
1,"west, miss. constance mirium",28,1,0,2,0,2,0,0,0,3,0,0,0,3,2,1,0,0,1,4,2,1,0,1,0,0,0
0,"goodwin, master. william frederick",34,2,0,1,2,3,1,1,0,4,0,1,2,2,1,2,0,0,3,1,1,0,0,2,0,0,0
0,"sirayanian, mr. orsen",21,3,0,0,0,1,0,0,0,2,0,0,0,1,3,1,0,0,3,2,0,0,0,0,0,1,0
1,"icard, miss. amelie",19,2,0,1,1,2,0,0,0,3,0,0,1,2,0,0,0,0,1,2,0,0,0,0,0,0,0
0,"harris, mr. henry birkhardt",27,2,1,0,1,1,0,0,3,2,0,1,0,1,1,0,0,0,6,1,1,0,0,0,0,1,0
0,"skoog, master. harald",21,3,0,0,1,1,0,1,1,0,0,1,1,1,0,2,0,0,2,2,1,0,0,0,0,0,0
0,"stewart, mr. albert a",21,3,1,0,0,2,0,0,0,0,0,0,1,1,0,0,0,0,3,1,3,0,0,1,0,0,0
1,"moubarek, master. gerios",24,2,1,0,0,3,0,1,0,1,0,1,0,2,0,2,0,0,3,2,1,1,0,0,0,0,0
1,"nye, mrs. (elizabeth ramell)",28,2,1,0,0,4,0,0,1,1,0,0,3,2,1,0,0,0,2,1,1,0,0,0,0,1,1
0,"crease, mr. ernest james",24,2,0,1,0,5,0,0,0,0,1,0,0,2,1,0,0,0,3,3,1,0,0,0,0,0,0
1,"andersson, miss. erna alexandra",31,5,0,0,2,3,0,0,0,1,0,0,1,1,4,1,0,0,3,4,0,0,0,0,1,0,0
0,"kink, mr. vincenz",17,0,0,1,0,1,0,0,0,2,0,2,0,1,3,0,0,0,1,0,0,0,1,0,0,0,1
0,"jenkin, mr. stephen curnow",26,0,0,1,0,3,0,0,1,1,1,1,0,1,4,1,1,0,2,1,1,1,0,1,0,0,0
0,"goodwin, miss. lillian amy",26,2,0,0,1,0,0,1,0,4,0,0,3,2,2,2,0,0,0,2,0,0,0,1,0,1,0
0,"hood, mr. ambrose jr",20,1,1,0,1,1,0,0,1,0,1,0,0,2,0,3,0,0,3,1,0,0,0,0,0,0,0
0,"chronopoulos, mr. apostolos",27,1,0,1,0,0,0,0,1,0,0,0,2,1,1,7,2,0,2,3,1,1,0,0,0,0,0
1,"bing, mr. lee",13,0,1,0,0,2,0,1,0,1,0,0,1,1,1,0,0,0,1,0,0,0,0,0,0,0,0
0,"moen, mr. sigurd hansen",23,1,0,0,1,2,0,1,1,1,0,0,0,2,3,1,0,0,2,2,0,1,0,0,0,0,0
0,"staneff, mr. ivan",17,2,0,0,0,1,2,0,0,1,0,0,0,1,2,0,0,0,1,1,1,0,1,0,0,0,0
0,"moutal, mr. rahamin haim",24,4,0,0,0,0,0,0,2,2,0,0,1,4,1,1,0,0,2,0,1,1,0,0,0,0,0
1,"caldwell, master. alden gates",29,4,0,1,2,4,0,1,0,0,0,0,4,1,1,0,0,0,1,2,2,0,0,1,0,0,0
1,"dowdell, miss. elizabeth",24,1,1,0,2,3,0,0,1,2,0,0,3,1,0,1,0,0,0,2,1,0,0,1,0,0,1
0,"waelens, mr. achille",20,2,0,1,0,3,0,0,1,1,0,0,3,1,1,0,0,0,1,1,0,0,0,1,0,0,0
1,"sheerlinck, mr. jan baptist",27,2,1,1,0,2,0,0,1,2,1,1,1,1,2,0,1,0,2,2,2,0,0,0,0,0,0
1,"mcdermott, miss. brigdet delia",30,1,1,1,3,3,0,1,0,3,0,0,1,3,0,1,0,0,2,2,3,0,0,0,0,0,0
0,"carrau, mr. francisco m",23,3,0,3,0,0,1,0,0,1,0,0,0,2,1,1,0,0,4,1,0,1,0,0,0,0,0
1,"ilett, miss. bertha",19,1,1,0,0,2,0,0,1,2,0,0,1,1,0,0,0,0,1,2,3,0,0,0,0,0,0
1,"backstrom, mrs. karl alfred (maria mathilda gustafsson)",55,8,1,1,2,1,2,1,1,2,0,2,3,4,1,2,0,0,5,5,3,1,0,0,0,0,0
0,"ford, mr. william neal",22,2,0,0,1,1,1,0,0,2,0,0,3,2,1,1,0,0,2,0,0,0,0,1,0,0,0
0,"slocovski, mr. selman francis",29,2,0,2,0,1,1,0,0,2,0,1,2,2,2,2,0,0,2,4,0,0,1,0,0,0,0
1,"fortune, miss. mabel helen",26,1,1,0,0,4,1,0,1,1,0,0,2,2,2,1,0,0,1,2,1,1,0,0,0,0,0
0,"celotti, mr. francesco",22,1,0,3,0,2,1,0,0,1,0,0,1,1,1,2,0,0,2,1,2,0,0,0,0,0,0
0,"christmann, mr. emil",20,1,0,1,0,1,0,0,1,2,0,0,1,3,2,0,0,0,2,1,1,0,0,0,0,0,0
0,"andreasson, mr. paul edvin",26,3,0,0,2,2,0,0,0,1,0,0,1,1,3,1,1,0,2,2,0,1,1,0,0,0,0
0,"chaffee, mr. herbert fuller",27,1,1,1,0,5,3,0,2,0,0,0,2,1,0,0,0,0,4,0,1,1,0,0,0,0,0
0,"dean, mr. bertram frank",23,3,1,0,1,2,1,0,0,0,0,1,0,2,2,0,0,0,4,0,1,0,0,0,0,0,0
0,"coxon, mr. daniel",17,1,0,1,1,1,0,0,0,1,0,0,1,1,2,2,0,0,1,0,0,0,0,0,1,0,0
0,"shorney, mr. charles joseph",27,1,0,1,0,3,0,0,3,0,1,0,1,1,1,2,1,0,3,3,0,0,0,0,0,1,0
0,"goldschmidt, mr. george b",25,0,1,1,2,2,0,3,1,1,0,0,1,2,0,2,0,0,2,1,1,0,0,0,0,0,0
1,"greenfield, mr. william bertram",31,2,1,0,1,4,1,1,0,3,0,0,3,3,1,0,0,0,4,0,1,0,0,1,0,0,0
1,"doling, mrs. john t (ada julia bone)",36,3,1,0,2,1,0,1,1,2,2,0,2,1,3,3,0,0,1,1,1,1,0,0,0,0,0
0,"kantor, mr. sinai",17,2,0,0,0,0,0,0,0,2,0,1,0,1,2,1,0,0,2,1,1,0,0,0,0,0,0
0,"petranec, miss. matilda",23,3,0,1,1,2,0,0,0,2,0,0,1,2,1,0,1,0,1,2,2,0,0,0,0,0,0
0,"petroff, mr. pastcho (""pentcho"")",32,1,0,2,0,2,2,0,2,0,0,0,0,1,1,3,3,0,2,1,3,0,0,0,0,0,0
0,"white, mr. richard frasar",25,3,0,1,1,1,1,0,2,2,0,0,0,1,0,0,0,0,5,1,1,0,0,1,0,0,0
0,"johansson, mr. gustaf joel",26,2,0,0,0,1,1,1,1,0,2,0,1,1,2,3,0,0,1,3,1,1,0,0,0,0,0
0,"gustafsson, mr. anders vilhelm",30,2,0,0,1,2,1,1,1,1,0,0,2,2,2,1,0,0,2,4,1,1,1,0,0,0,0
0,"mionoff, mr. stoytcho",21,0,0,1,0,0,2,0,1,1,0,0,0,2,1,4,0,0,1,1,2,0,0,0,0,1,0
1,"salkjelsvik, miss. anna kristine",32,3,0,0,0,2,0,0,0,4,1,3,2,1,3,0,0,0,1,5,1,0,1,0,0,0,0
1,"moss, mr. albert johan",22,2,1,0,0,1,0,0,1,0,1,0,1,2,1,2,0,0,2,2,1,0,0,0,0,0,0
0,"rekic, mr. tido",15,0,0,1,1,1,0,0,0,2,0,1,0,1,0,1,0,0,2,0,1,0,0,0,0,0,0
1,"moran, miss. bertha",19,2,1,0,0,1,0,0,1,1,0,0,0,2,1,1,0,0,2,2,1,0,0,0,0,0,0
0,"porter, mr. walter chamberlain",30,3,1,1,0,3,0,0,1,1,0,0,2,2,1,1,1,0,5,0,2,0,0,1,0,0,0
0,"zabour, miss. hileni",20,1,1,0,0,1,0,0,1,3,0,0,1,1,1,1,0,0,1,2,0,1,0,0,0,0,1
0,"barton, mr. david john",22,2,1,0,2,0,0,0,1,1,1,0,0,1,2,2,0,0,2,0,1,0,1,0,0,0,0
0,"jussila, miss. katriina",23,3,0,0,0,0,0,0,0,4,1,1,1,1,1,0,0,0,1,4,1,1,0,0,0,0,0
0,"attalah, miss. malake",21,5,0,0,0,1,0,0,1,1,0,1,2,2,0,0,0,0,0,2,2,0,0,0,0,0,0
0,"pekoniemi, mr. edvard",21,1,0,0,2,3,0,0,0,2,0,1,0,2,1,1,1,0,2,0,0,0,1,0,0,0,0
0,"connors, mr. patrick",20,1,0,2,0,0,0,0,0,1,0,1,0,1,2,2,1,0,3,1,1,0,0,0,0,0,0
0,"turpin, mr. william john robert",31,1,1,0,0,1,0,0,1,3,1,0,2,2,2,2,1,0,4,0,2,1,0,1,0,0,0
0,"baxter, mr. quigg edmond",24,1,1,0,2,2,0,2,0,1,0,0,0,2,1,1,0,1,2,0,1,1,0,0,1,0,0
0,"andersson, miss. ellis anna maria",33,5,0,0,1,2,0,0,0,3,0,0,2,2,4,1,0,0,2,5,0,0,0,0,0,0,0
0,"hickman, mr. stanley george",27,2,0,1,0,3,0,2,1,1,0,1,1,2,2,1,0,0,2,1,1,0,0,0,0,1,0
0,"moore, mr. leonard charles",26,2,0,1,1,3,0,0,1,0,0,0,2,2,1,3,0,0,4,1,0,0,0,0,0,0,0
0,"nasser, mr. nicholas",20,2,0,1,0,1,0,0,1,1,0,0,1,1,2,1,0,0,2,3,0,0,0,0,0,0,0
1,"webber, miss. susan",19,1,2,0,0,2,0,0,0,1,0,0,0,1,1,0,0,0,1,4,0,1,0,1,0,0,0
0,"white, mr. percival wayland",27,3,0,1,1,2,0,0,1,2,0,0,2,1,1,0,1,0,2,0,1,0,1,2,0,1,0
1,"nicola-yarred, master. elias",28,4,0,1,1,3,0,0,0,2,0,0,2,1,1,1,0,0,3,2,1,0,0,0,0,1,0
0,"mcmahon, mr. martin",19,2,0,1,0,0,0,0,1,1,0,0,0,4,2,1,0,0,2,0,1,0,0,0,0,0,0
1,"madsen, mr. fridtjof arne",25,2,0,0,2,2,2,0,0,1,1,0,0,2,2,1,0,0,3,1,1,0,0,0,0,0,0
1,"peter, miss. anna",17,2,0,0,0,2,0,0,0,1,0,0,0,1,2,0,1,0,1,2,1,0,0,0,0,0,0
0,"ekstrom, mr. johan",18,1,0,0,0,1,0,0,1,0,1,1,0,2,1,2,0,0,2,1,1,0,0,0,0,0,0
0,"drazenoic, mr. jozef",20,1,0,1,1,2,1,0,0,1,1,0,0,1,1,2,0,0,2,0,0,0,0,0,0,0,2
0,"coelho, mr. domingos fernandeo",30,1,0,1,2,3,1,1,1,1,0,0,1,2,3,5,0,0,2,1,0,0,0,0,0,0,0
0,"robins, mrs. alexander a (grace charity laury)",46,6,1,2,1,3,0,1,1,2,0,0,2,1,2,1,0,0,6,2,1,1,0,0,1,2,0
1,"weisz, mrs. leopold (mathilde francoise pede)",45,2,0,1,3,6,1,0,1,3,0,0,3,2,1,3,2,0,2,3,1,0,0,1,0,0,1
0,"sobey, mr. samuel james hayden",30,3,1,0,1,4,0,0,1,0,1,0,1,3,1,1,0,0,1,3,0,1,0,0,0,2,0
0,"richard, mr. emile",18,1,0,1,1,2,0,0,1,2,0,0,1,2,0,0,0,0,3,0,0,0,0,0,0,0,0
1,"newsom, miss. helen monypeny",28,0,0,0,0,4,0,0,1,1,0,0,1,3,4,2,1,0,0,3,0,0,0,1,0,2,0
0,"futrelle, mr. jacques heath",27,2,0,1,0,4,1,0,2,0,1,0,2,1,0,0,0,1,2,1,2,2,0,0,0,0,0
0,"osen, mr. olaf elon",19,1,0,0,0,2,1,0,0,0,0,0,2,1,2,3,0,0,1,1,0,0,0,0,0,0,0
0,"giglio, mr. victor",18,0,0,1,0,0,0,2,0,3,0,0,1,1,0,2,0,0,2,0,1,0,1,0,0,0,0
0,"boulos, mrs. joseph (sultana)",29,2,1,0,0,1,0,0,1,0,1,0,2,1,1,3,1,0,1,4,1,2,0,0,0,0,0
1,"nysten, miss. anna sofia",24,3,0,0,0,1,1,0,0,2,0,0,0,1,4,1,0,0,0,4,1,0,0,0,0,1,0
1,"hakkarainen, mrs. pekka pietari (elin matilda dolck)",52,7,0,1,2,4,0,0,1,5,0,5,3,2,3,1,2,0,3,1,2,0,0,0,0,0,0
0,"burke, mr. jeremiah",19,1,1,0,0,3,0,0,1,1,1,1,0,2,0,0,0,0,3,0,0,1,0,0,0,0,0
0,"andrew, mr. edgardo samuel",26,3,0,0,3,3,0,1,0,0,0,0,1,2,1,1,0,0,3,1,0,1,0,1,0,0,0
0,"nicholls, mr. joseph charles",28,1,0,2,0,2,0,0,3,1,1,0,3,1,1,2,1,0,2,3,0,0,0,0,0,0,0
1,"andersson, mr. august edvard (""wennerstrom"")",44,3,0,0,3,4,0,1,0,0,0,0,0,2,4,2,0,0,5,4,2,2,1,1,0,0,0
0,"ford, miss. robina maggie ""ruby""",32,2,2,0,1,1,1,2,0,3,0,0,0,2,1,2,0,0,3,2,0,1,0,0,0,1,0
0,"navratil, mr. michel (""louis m hoffman"")",40,3,0,1,0,1,2,0,2,3,0,0,3,4,2,2,0,0,2,1,1,1,1,0,0,0,0
0,"byles, rev. thomas roussel davids",33,2,1,0,2,3,0,0,1,1,0,0,2,1,0,2,0,0,2,5,1,1,2,0,0,1,0
0,"bateman, rev. robert james",26,3,2,0,0,4,0,0,0,0,1,0,0,2,1,1,0,0,3,1,2,0,1,0,0,0,0
1,"pears, mrs. thomas (edith wearne)",33,3,0,0,1,4,0,0,2,1,0,0,0,2,1,1,1,0,3,3,2,0,0,1,0,0,0
0,"meo, mr. alfonzo",16,1,0,0,0,1,1,0,0,0,0,0,1,2,1,3,0,0,1,0,0,0,0,0,0,0,1
0,"van billiard, mr. austin blyler",31,3,2,0,1,1,0,0,0,3,0,0,4,1,2,0,0,0,3,1,1,1,1,0,0,1,0
0,"olsen, mr. ole martin",21,1,0,0,0,2,0,0,0,1,0,0,2,2,2,2,0,0,2,1,1,0,0,0,0,0,0
0,"williams, mr. charles duane",27,3,0,1,1,2,0,0,1,2,0,0,3,2,1,0,0,0,2,2,0,1,0,1,0,0,0
1,"gilnagh, miss. katherine ""katie""",32,3,0,0,0,3,0,2,2,4,0,2,1,1,2,0,0,0,1,2,2,0,0,0,0,0,0
0,"corn, mr. harry",15,1,0,1,0,0,0,0,1,0,0,0,0,1,1,1,0,0,4,0,0,0,0,0,0,1,0
0,"smiljanic, mr. mile",19,1,0,1,0,1,0,0,0,3,1,0,2,3,1,0,0,0,1,1,0,0,0,0,0,0,0
0,"sage, master. thomas henry",26,3,0,0,0,3,0,1,2,0,0,0,0,2,1,1,0,0,2,3,2,0,0,0,0,1,0
0,"cribb, mr. john hatfield",24,1,2,1,1,1,1,0,2,2,1,0,1,1,1,1,0,0,2,0,1,0,0,0,0,0,0
1,"watt, mrs. james (elizabeth ""bessie"" inglis milne)",50,3,2,0,0,6,0,1,1,5,1,0,3,3,2,0,0,0,1,5,3,0,0,1,0,0,1
0,"bengtsson, mr. john viktor",26,0,1,0,0,1,0,1,1,1,1,1,0,1,3,3,0,0,2,2,2,0,1,0,0,0,0
0,"calic, mr. jovo",15,1,0,2,0,0,0,0,0,1,1,0,1,1,0,2,0,0,1,0,0,0,1,0,0,0,0
0,"panula, master. eino viljami",28,4,0,0,0,2,0,0,0,3,1,0,2,2,2,1,1,0,1,1,1,1,1,0,0,0,0
1,"goldsmith, master. frank john william ""frankie""",47,4,0,0,1,2,2,1,2,4,1,2,3,3,3,2,0,0,3,2,2,0,0,1,0,0,0
1,"chibnall, mrs. (edith martha bowerman)",38,4,2,1,1,2,0,0,3,2,0,0,2,3,2,1,0,0,3,1,2,0,0,1,0,0,0
0,"skoog, mrs. william (anna bernhardina karlsson)",47,6,1,0,1,1,0,1,1,3,0,2,3,2,5,3,0,0,4,4,0,0,0,1,0,0,0
0,"baumann, mr. john d",19,2,1,0,1,0,0,0,1,0,1,0,0,2,3,1,0,0,1,0,0,1,0,0,0,0,0
0,"ling, mr. lee",13,0,0,0,0,2,0,1,0,1,0,0,2,1,1,0,0,0,1,0,0,0,0,0,0,0,0
0,"van der hoef, mr. wyckoff",25,1,0,1,1,2,3,0,1,0,0,1,0,1,1,2,0,0,2,0,0,0,1,1,0,1,0
0,"rice, master. arthur",20,2,0,1,0,2,0,0,1,1,0,0,0,1,0,0,0,0,4,1,2,1,0,0,0,0,0
1,"johnson, miss. eleanor ileen",28,1,0,0,0,4,0,0,1,2,1,0,2,1,4,3,0,0,1,3,0,0,0,0,0,0,0
0,"sivola, mr. antti wilhelm",25,2,0,0,0,1,0,0,1,3,0,0,3,2,1,1,0,0,1,1,2,0,1,1,0,0,0
0,"smith, mr. james clinch",23,1,0,2,0,1,0,0,2,2,1,0,1,3,1,0,0,0,1,2,1,0,0,0,0,0,0
0,"klasen, mr. klas albin",22,3,1,0,0,1,0,0,0,1,0,2,3,1,2,0,0,0,1,2,0,0,0,0,0,0,0
0,"lefebre, master. henry forbes",29,1,2,0,0,6,2,0,1,0,0,0,1,1,1,1,0,0,4,2,1,0,0,0,0,1,0
0,"isham, miss. ann elizabeth",26,3,1,0,0,2,0,0,2,3,0,0,1,2,2,0,0,0,0,3,1,0,0,0,0,0,1
0,"hale, mr. reginald",18,2,0,0,1,2,0,1,1,1,0,0,2,1,1,0,0,0,2,0,0,0,0,0,0,0,0
0,"leonard, mr. lionel",19,1,0,0,1,2,0,0,0,1,0,0,3,1,2,2,0,0,2,0,0,0,0,0,0,0,0
0,"sage, miss. constance gladys",28,3,0,2,1,2,0,2,0,1,0,0,1,1,2,1,0,0,0,5,1,0,0,0,0,1,0
0,"pernot, mr. rene",16,0,0,0,0,3,0,0,0,0,0,0,0,1,2,1,1,0,3,0,1,0,0,0,0,0,0
0,"asplund, master. clarence gustaf hugo",37,4,0,2,1,3,1,2,1,0,0,0,2,1,2,1,1,0,2,3,2,3,0,0,0,0,0
1,"becker, master. richard f",25,2,1,2,1,3,1,0,1,1,0,1,0,1,0,0,0,0,4,1,1,0,0,0,0,0,0
1,"kink-heilmann, miss. luise gretchen",35,1,0,1,0,4,0,1,2,4,0,2,2,2,4,0,0,0,1,3,1,1,0,0,0,0,0
0,"rood, mr. hugh roscoe",21,0,0,1,1,1,0,1,2,0,0,0,0,1,0,4,0,0,3,1,0,1,0,0,0,0,0
1,"o'brien, mrs. thomas (johanna ""hannah"" godfrey)",47,5,1,0,1,2,1,1,4,1,1,0,0,2,5,4,0,0,3,2,1,0,0,0,0,1,0
1,"romaine, mr. charles hallace (""mr c rolmane"")",45,5,0,3,0,4,0,0,2,1,0,0,4,4,2,2,0,0,5,1,0,0,0,0,0,0,0
0,"bourke, mr. john",16,0,1,0,0,1,0,0,1,0,1,1,0,1,1,2,0,0,2,0,0,1,0,0,0,0,0
0,"turcin, mr. stjepan",19,1,0,1,0,1,0,0,0,1,1,0,0,1,2,0,1,0,2,1,2,1,0,0,0,0,0
1,"pinsky, mrs. (rosa)",19,1,0,0,0,0,0,0,0,1,0,1,0,1,1,1,1,0,2,3,0,0,0,0,0,1,0
0,"carbines, mr. william",21,2,1,1,0,1,0,0,0,3,0,0,2,2,1,0,0,0,2,1,0,0,0,1,0,0,0
1,"andersen-jensen, miss. carla christine nielsine",47,3,0,2,1,7,0,0,1,5,1,0,2,1,7,0,0,0,3,6,1,0,0,0,0,0,0
1,"navratil, master. michel m",26,3,0,1,0,2,0,0,1,2,0,0,2,3,1,0,0,0,2,1,2,0,1,0,0,0,0
1,"brown, mrs. james joseph (margaret tobin)",41,3,2,0,0,3,0,1,1,1,2,0,0,3,2,3,1,0,4,3,2,0,0,1,0,0,0
1,"lurette, miss. elise",20,0,0,0,0,4,0,0,0,2,0,0,2,1,0,0,0,0,1,3,2,1,0,0,0,0,0
0,"mernagh, mr. robert",19,1,1,0,0,2,0,1,1,0,0,0,0,2,1,1,0,0,4,0,1,0,0,0,0,0,0
0,"olsen, mr. karl siegwart andreas",32,4,0,0,1,3,0,1,0,1,0,1,2,1,2,1,0,0,4,3,1,0,0,1,0,0,0
1,"madigan, miss. margaret ""maggie""",32,5,0,0,1,2,0,4,0,3,0,0,0,4,1,0,0,0,2,2,1,0,0,0,0,0,0
0,"yrois, miss. henriette (""mrs harbeck"")",38,1,1,1,0,4,0,0,2,3,0,1,0,2,1,1,0,0,4,4,2,0,0,0,0,1,0
0,"vande walle, mr. nestor cyriel",30,2,0,1,1,4,0,0,0,1,0,0,3,1,2,1,0,0,3,1,1,0,1,1,0,1,0
0,"sage, mr. frederick",19,1,0,1,1,3,1,1,0,1,0,1,0,1,0,0,0,0,3,1,0,0,0,0,0,0,0
0,"johanson, mr. jakob alfred",26,3,1,0,1,1,1,0,1,0,2,1,1,1,2,3,0,0,2,1,0,0,0,0,0,0,0
0,"youseff, mr. gerious",20,0,0,0,0,2,2,1,0,1,0,0,0,1,0,2,0,0,2,2,0,2,0,0,0,1,0
1,"cohen, mr. gurshon ""gus""",24,0,0,1,0,1,0,2,2,0,0,0,0,1,2,2,0,0,2,2,0,2,0,0,0,0,0
0,"strom, miss. telma matilda",26,3,0,0,1,1,0,0,0,2,0,0,2,4,0,1,0,0,1,3,3,0,0,0,0,0,0
0,"backstrom, mr. karl alfred",26,3,1,1,1,1,1,0,0,0,0,2,2,2,0,1,0,0,4,1,1,0,0,0,0,0,0
1,"albimona, mr. nassef cassem",27,4,1,1,0,2,1,0,0,1,0,0,1,3,2,1,0,0,1,4,0,0,0,0,0,0,0
1,"carr, miss. helen ""ellen""",25,1,0,1,0,4,0,0,1,1,0,0,3,1,2,0,0,0,2,2,0,0,0,0,0,0,0
1,"blank, mr. henry",16,1,1,0,0,1,0,0,1,0,0,1,1,1,2,0,0,0,2,0,0,0,0,0,0,1,0
0,"ali, mr. ahmed",14,2,0,0,1,1,0,0,1,1,0,0,1,2,0,0,0,0,1,0,0,0,0,0,0,0,0
1,"cameron, miss. clear annie",26,3,0,2,0,3,0,0,0,2,0,0,1,2,3,1,0,0,2,2,0,0,0,0,0,0,0
0,"perkin, mr. john henry",22,0,0,0,0,2,0,0,2,1,1,1,0,1,3,1,1,0,3,0,0,0,0,0,0,1,0
0,"givard, mr. hans kristensen",27,2,0,0,1,2,0,1,1,2,0,1,0,1,3,0,0,0,3,3,1,0,1,0,0,0,0
0,"kiernan, mr. philip",19,1,0,0,0,1,0,0,1,3,0,1,1,1,2,0,2,0,2,0,0,0,0,0,0,0,0
1,"newell, miss. madeleine",23,1,0,0,1,5,0,0,0,2,0,0,3,2,2,0,0,0,0,2,0,0,0,1,0,0,0
1,"honkanen, miss. eliina",22,2,0,0,0,2,0,0,1,3,0,1,1,1,4,1,0,0,0,2,0,0,0,0,0,0,0
0,"jacobsohn, mr. sidney samuel",28,2,1,1,1,2,0,0,1,1,1,0,1,2,2,2,0,0,1,3,0,1,0,0,0,1,0
1,"bazzani, miss. albina",21,4,2,0,0,0,0,0,0,3,0,0,1,1,2,0,0,0,0,2,0,0,0,0,0,0,2
0,"harris, mr. walter",18,2,0,0,0,1,0,0,1,1,0,0,1,1,0,0,0,0,4,1,1,0,0,1,0,0,0
1,"sunderland, mr. victor francis",30,2,0,2,2,1,1,0,0,2,0,0,1,1,3,1,0,0,4,2,1,1,1,0,0,0,0
0,"bracken, mr. james h",20,2,1,1,0,2,0,0,1,0,1,1,0,2,1,0,0,0,2,1,0,0,0,0,0,0,0
0,"green, mr. george henry",23,0,0,0,0,5,0,3,1,0,0,0,0,1,2,1,0,0,4,0,0,0,0,0,0,1,0
0,"nenkoff, mr. christo",20,0,0,1,0,1,2,0,1,1,0,1,0,1,2,2,0,0,2,1,1,0,0,0,0,0,0
1,"hoyt, mr. frederick maxfield",28,1,0,1,2,3,2,0,1,2,0,1,1,2,0,1,0,0,3,0,1,0,0,0,1,1,0
0,"berglund, mr. karl ivar sven",28,2,1,0,1,2,0,1,0,1,0,1,2,1,2,0,0,0,4,1,0,1,2,0,0,0,0
1,"mellors, mr. william john",25,1,0,0,0,1,0,0,1,2,1,0,4,3,1,2,0,0,2,1,0,0,0,1,0,0,0
0,"lovell, mr. john hall (""henry"")",31,1,0,0,0,2,0,0,3,0,1,0,5,1,2,2,0,0,2,0,0,0,1,0,0,1,0
0,"fahlstrom, mr. arne jonas",25,3,0,0,0,1,1,0,1,0,1,0,1,2,2,2,0,0,3,2,1,0,0,0,0,0,0
0,"lefebre, miss. mathilde",23,1,1,0,1,4,1,0,1,2,0,0,2,2,0,0,0,0,1,2,1,0,0,0,0,0,0
1,"harris, mrs. henry birkhardt (irene wallach)",44,4,1,1,1,3,0,0,4,3,0,1,2,1,2,0,0,0,7,2,1,0,0,1,0,1,0
0,"larsson, mr. bengt edvin",24,1,1,0,1,2,0,1,0,1,0,0,1,1,3,1,0,0,2,2,1,0,1,0,0,0,0
0,"sjostedt, mr. ernst adolf",25,1,0,0,2,2,1,0,0,0,1,0,1,1,1,2,0,0,2,3,3,0,0,0,0,0,0
1,"asplund, miss. lillian gertrud",30,2,0,0,2,1,0,1,0,3,0,0,4,1,2,0,1,0,2,3,1,2,0,0,0,0,0
0,"leyson, mr. robert william norman",33,2,1,0,0,2,0,0,0,2,0,0,3,3,3,3,0,0,4,1,1,0,0,1,0,1,0
0,"harknett, miss. alice phoebe",28,2,1,1,0,4,0,0,2,2,0,1,1,1,1,1,1,0,1,2,2,0,0,0,0,0,0
0,"hold, mr. stephen",17,0,0,0,1,2,0,0,2,0,0,0,1,1,1,1,1,0,1,1,1,0,0,0,0,0,0
1,"collyer, miss. marjorie ""lottie""",32,1,0,1,0,3,0,0,0,3,1,0,3,2,0,3,0,0,3,2,2,0,0,0,0,1,0
0,"pengelly, mr. frederick william",31,1,0,1,1,4,1,1,0,3,0,1,4,2,1,0,1,0,3,0,0,0,0,1,0,1,0
0,"hunt, mr. george henry",22,0,0,0,0,3,0,2,2,0,0,0,0,1,2,1,0,0,3,0,1,1,0,0,0,1,0
0,"zabour, miss. thamine",21,2,1,0,0,1,0,0,1,2,0,0,0,2,1,1,0,0,1,2,1,1,0,0,0,0,1
1,"murphy, miss. katherine ""kate""",30,2,0,0,0,3,0,0,2,2,0,2,0,2,1,0,1,0,2,2,2,1,0,0,0,1,0
0,"coleridge, mr. reginald charles",31,2,0,2,2,4,0,2,1,2,0,0,3,1,1,1,0,0,4,1,0,0,0,0,0,0,0
0,"maenpaa, mr. matti alexanteri",29,6,0,0,0,3,0,0,0,2,0,0,1,3,2,0,1,0,2,0,3,0,0,0,1,0,0
0,"attalah, mr. sleiman",20,4,0,0,0,1,0,0,1,1,0,0,2,2,1,0,0,0,1,1,2,0,0,0,0,0,0
0,"minahan, dr. william edward",27,4,0,0,3,1,0,0,1,3,0,0,2,2,2,0,0,0,2,0,0,0,0,2,0,0,0
0,"lindahl, miss. agda thorilda viktoria",37,5,0,0,3,0,0,1,2,5,0,1,3,1,1,2,0,0,2,2,2,0,1,0,0,0,0
1,"hamalainen, mrs. william (anna)",31,6,0,0,0,1,0,0,1,3,0,0,3,3,4,0,0,0,1,1,0,0,0,1,0,0,0
1,"beckwith, mr. richard leonard",29,2,1,2,2,2,0,0,2,2,0,1,1,1,1,1,0,0,4,0,1,0,0,1,0,0,0
0,"carter, rev. ernest courtenay",29,2,0,2,0,5,0,0,0,0,0,0,0,0,2,1,0,0,5,1,3,1,1,0,0,1,0
0,"reed, mr. james george",22,1,0,0,1,5,0,2,0,0,1,0,0,2,0,1,0,0,3,1,0,0,0,0,0,0,0
0,"strom, mrs. wilhelm (elna matilda persson)",42,3,0,0,1,3,0,0,1,2,0,0,4,4,2,2,1,0,3,4,2,0,0,1,0,0,0
0,"stead, mr. william thomas",25,3,0,0,1,1,0,0,1,2,0,0,2,3,0,1,0,0,1,2,2,0,0,1,0,0,0
0,"lobb, mr. william arthur",24,2,2,0,0,0,0,0,1,2,0,0,3,2,0,1,0,0,3,0,1,1,0,1,0,0,0
0,"rosblom, mrs. viktor (helena wilhelmina)",40,2,1,0,0,3,0,0,2,3,0,1,4,3,2,3,0,0,3,2,1,0,1,1,0,0,0
1,"touma, mrs. darwis (hanne youssef razi)",39,4,0,0,1,2,1,0,1,2,0,0,0,2,2,2,0,0,3,4,1,2,0,1,0,1,1
1,"thorne, mrs. gertrude maybelle",30,1,1,0,1,5,0,1,1,0,0,0,2,2,1,1,0,0,4,1,2,1,0,0,0,1,0
1,"cherry, miss. gladys",20,1,0,1,1,1,0,1,1,1,0,0,1,1,0,0,0,0,2,3,0,0,0,0,0,2,0
1,"ward, miss. anna",16,3,0,0,1,0,0,0,0,1,0,0,0,1,2,0,0,0,1,2,0,0,0,1,0,0,0
1,"parrish, mrs. (lutie davis)",27,2,0,0,1,1,0,0,1,3,0,0,1,1,0,0,1,0,3,3,1,1,1,0,0,0,0
0,"smith, mr. thomas",17,1,0,0,0,0,0,0,2,1,0,0,0,3,0,1,0,0,1,2,2,0,0,0,0,0,0
1,"asplund, master. edvin rojj felix",33,2,0,0,2,3,1,0,0,2,2,0,2,1,2,1,1,0,2,2,1,1,1,0,1,0,0
0,"taussig, mr. emil",17,1,0,0,0,1,0,1,0,2,0,0,1,2,0,0,0,0,1,2,1,1,0,0,0,0,0
0,"harrison, mr. william",21,2,0,0,0,0,0,0,1,3,0,0,2,2,1,1,0,0,3,1,0,0,0,1,0,0,0
0,"henry, miss. delia",18,1,0,0,1,2,0,0,1,2,0,0,1,1,1,0,0,0,1,2,0,0,0,0,0,1,0
0,"reeves, mr. david",17,1,0,0,2,3,0,0,0,1,0,0,0,1,0,0,0,0,2,1,0,0,2,0,0,0,0
0,"panula, mr. ernesti arvid",25,3,0,0,1,2,0,0,0,2,0,0,1,1,2,0,1,0,3,1,1,1,1,0,0,0,0
1,"persson, mr. ernst ulrik",24,0,0,0,0,2,0,0,0,1,0,1,1,1,2,1,1,0,4,3,1,1,0,0,0,0,0
1,"graham, mrs. william thompson (edith junkins)",45,3,0,0,1,1,0,1,3,4,1,1,2,4,3,2,1,0,2,3,2,1,0,1,0,0,0
1,"bissette, miss. amelia",22,2,1,0,0,3,0,0,0,3,0,0,1,2,0,0,0,0,0,4,2,0,0,0,0,0,0
0,"cairns, mr. alexander",21,3,0,1,1,2,0,0,0,1,0,0,1,1,2,0,0,0,3,1,0,0,0,0,1,0,0
1,"tornquist, mr. william henry",28,1,0,0,0,1,0,0,1,3,0,0,2,2,2,1,0,1,3,1,2,1,0,1,0,1,0
1,"mellinger, mrs. (elizabeth anne maidment)",41,3,1,0,1,6,0,1,1,3,0,0,3,4,4,0,0,0,2,1,2,0,0,0,0,0,1
0,"natsch, mr. charles h",21,2,0,2,0,1,0,0,3,0,0,0,1,1,1,0,0,0,2,2,1,0,0,0,0,0,0
1,"healy, miss. hanora ""nora""",26,4,0,0,0,1,0,0,2,1,0,0,1,1,2,2,0,0,2,2,0,0,0,0,0,1,0
1,"andrews, miss. kornelia theodosia",33,3,0,0,2,3,0,0,1,3,0,1,1,1,2,3,0,0,2,4,1,0,0,1,0,0,0
0,"lindblom, miss. augusta charlotta",33,4,1,1,1,0,0,1,1,2,0,0,3,2,1,2,0,0,1,3,3,2,0,0,0,0,0
0,"parkes, mr. francis ""frank""",27,3,0,1,0,1,2,0,0,1,0,2,0,1,2,0,1,0,4,2,0,0,0,0,0,0,0
0,"rice, master. eric",18,1,0,2,0,3,0,0,0,2,0,0,0,1,0,0,0,0,3,1,1,0,0,0,0,0,0
1,"abbott, mrs. stanton (rosa hunt)",32,3,2,0,0,0,0,0,1,0,0,0,0,1,3,3,0,0,2,3,5,1,0,0,0,0,0
0,"duane, mr. frank",16,2,0,0,1,1,1,0,0,0,0,1,0,1,2,0,0,0,2,0,0,1,0,0,0,0,0
0,"olsson, mr. nils johan goransson",32,2,0,0,0,0,0,1,1,1,1,0,2,1,5,5,0,0,2,5,0,0,0,0,0,0,0
0,"de pelsmaeker, mr. alfons",25,2,0,0,1,4,1,0,0,0,0,1,2,2,1,1,1,0,2,2,0,0,0,0,0,0,0
1,"dorking, mr. edward arthur",26,2,0,0,3,1,0,1,1,1,0,1,0,1,1,1,0,0,5,0,1,1,0,1,0,0,0
0,"smith, mr. richard william",26,2,0,1,1,0,0,0,2,4,0,0,2,3,0,0,0,0,3,1,1,0,0,1,0,0,0
0,"stankovic, mr. ivan",19,2,0,1,0,0,0,0,0,2,0,1,0,1,2,1,0,0,1,1,1,0,2,0,0,0,0
1,"de mulder, mr. theodore",23,0,0,0,3,4,0,0,1,0,0,0,1,2,0,2,0,0,3,0,1,1,0,0,0,0,0
0,"naidenoff, mr. penko",20,1,0,0,1,2,2,0,0,1,0,1,0,1,3,2,1,0,1,0,0,0,0,0,0,0,0
1,"hosono, mr. masabumi",20,2,1,0,0,0,0,0,1,1,0,0,0,3,1,3,0,0,1,2,0,1,0,0,0,0,0
1,"connolly, miss. kate",20,1,0,1,0,1,0,0,0,1,0,1,2,1,2,2,0,0,0,2,1,0,0,0,0,1,0
1,"barber, miss. ellen ""nellie""",28,1,2,0,0,5,0,0,0,2,0,0,4,1,2,0,0,0,2,2,0,0,0,0,0,0,0
1,"bishop, mrs. dickinson h (helen walton)",39,1,1,1,1,2,0,0,3,3,0,1,2,1,4,3,1,0,1,3,1,0,0,1,0,0,0
0,"levy, mr. rene jacques",22,1,0,1,0,4,0,0,0,0,1,0,1,1,1,0,0,1,2,1,0,1,1,0,0,1,0
0,"haas, miss. aloisia",19,4,0,0,0,0,0,0,1,3,0,0,1,1,0,1,0,0,0,4,0,0,0,0,0,0,0
0,"mineff, mr. ivan",16,1,0,0,0,1,2,0,0,2,0,0,0,2,2,0,0,0,1,0,0,0,1,0,0,0,0
0,"lewy, mr. ervin g",17,0,0,0,0,2,0,1,0,1,0,0,1,1,1,0,0,0,2,0,0,0,1,1,0,1,0
0,"hanna, mr. mansour",18,3,0,0,0,0,0,0,1,0,0,0,0,2,3,1,0,0,2,1,0,1,0,0,0,0,0
0,"allison, miss. helen loraine",28,2,0,0,0,3,0,0,1,3,0,0,4,1,3,2,0,0,1,3,0,0,0,0,0,0,0
1,"saalfeld, mr. adolphe",21,3,0,0,2,2,1,0,1,0,0,0,3,1,0,1,1,0,1,1,0,0,0,0,0,0,0
1,"baxter, mrs. james (helene delaudeniere chaput)",47,4,1,1,2,9,0,0,2,1,1,0,2,2,2,0,1,0,3,2,2,2,0,0,1,0,0
1,"kelly, miss. anna katherine ""annie kate""",40,5,0,0,0,5,0,0,1,3,0,3,2,1,5,0,0,0,1,2,2,0,0,0,0,1,0
1,"mccoy, mr. bernard",18,1,1,2,1,1,0,0,0,0,0,0,0,2,1,1,0,0,3,0,0,0,0,0,0,1,0
0,"johnson, mr. william cahoone jr",31,2,0,1,0,1,0,0,2,2,2,0,2,2,3,4,0,0,2,1,0,0,0,1,0,0,0
1,"keane, miss. nora a",19,3,0,0,0,2,0,0,0,1,0,1,0,1,2,1,0,0,1,2,0,0,0,0,0,0,0
0,"williams, mr. howard hugh ""harry""",33,3,0,0,1,0,0,1,4,2,0,0,2,2,0,1,0,0,4,1,0,1,0,2,0,1,0
1,"allison, master. hudson trevor",30,2,0,0,1,2,0,0,1,1,0,0,2,1,2,3,0,0,3,3,2,1,1,0,0,0,0
1,"fleming, miss. margaret",23,2,0,0,0,2,1,2,0,2,0,0,1,3,1,0,0,0,2,2,1,0,0,0,0,0,0
1,"penasco y castellana, mrs. victor de satode (maria josefa perez de soto y vallejo)",82,9,0,3,3,9,1,0,0,2,2,0,4,2,2,7,2,0,4,6,4,0,2,0,0,2,1
0,"abelson, mr. samuel",19,2,1,0,0,2,0,0,0,0,0,0,2,2,1,1,0,0,1,2,0,1,0,0,0,0,0
1,"francatelli, miss. laura mabel",30,5,1,1,0,2,1,0,0,2,0,0,4,2,1,0,0,0,2,2,1,1,0,0,0,0,0
1,"hays, miss. margaret bechstein",30,3,1,1,0,3,0,1,2,2,0,0,0,2,1,0,0,0,2,4,2,0,0,0,0,1,0
1,"ryerson, miss. emily borie",26,0,1,0,0,3,0,0,0,3,0,0,1,2,1,2,0,0,3,3,0,0,0,0,0,2,0
0,"lahtinen, mrs. william (anna sylfven)",37,4,0,0,0,2,1,0,1,3,0,0,4,2,5,0,0,0,1,2,1,0,1,1,0,1,0
0,"hendekovic, mr. ignjac",22,1,0,2,1,2,0,1,1,2,1,1,0,1,2,1,0,0,1,0,0,0,1,0,0,0,0
0,"hart, mr. benjamin",18,2,1,0,0,1,0,0,1,1,1,0,0,2,2,0,0,0,2,0,1,0,0,0,0,0,0
1,"nilsson, miss. helmina josefina",31,2,0,0,0,2,1,0,1,4,1,0,2,2,4,2,0,0,0,5,0,0,0,0,0,0,0
1,"kantor, mrs. sinai (miriam sternin)",35,3,0,0,0,1,0,0,0,5,0,1,0,3,4,1,0,0,4,3,2,0,0,0,0,0,0
0,"moraweck, dr. ernest",20,1,0,1,1,3,0,0,0,0,0,1,0,1,1,1,0,0,3,1,1,0,0,1,0,0,0
1,"wick, miss. mary natalie",24,3,0,1,0,1,0,0,0,3,0,1,1,2,1,0,0,0,1,2,1,0,0,1,0,1,0
1,"spedden, mrs. frederic oakley (margaretta corning stone)",56,4,0,2,3,7,1,2,0,2,0,1,1,2,4,3,1,0,6,3,3,0,0,0,0,1,0
0,"dennis, mr. samuel",18,1,0,0,1,2,0,0,0,1,0,0,1,2,2,0,0,0,1,2,0,1,0,0,0,0,0
0,"danoff, mr. yoto",16,1,0,0,1,0,2,0,0,0,0,0,0,1,1,3,0,0,1,0,1,0,0,0,0,1,0
1,"slayter, miss. hilda mary",25,3,0,0,1,1,0,0,1,2,0,0,2,2,0,0,0,0,2,3,1,0,0,0,0,2,0
1,"caldwell, mrs. albert francis (sylvia mae harbaugh)",51,7,2,2,1,3,1,1,2,2,0,0,5,2,1,0,0,0,4,3,1,1,1,1,0,1,0
0,"sage, mr. george john jr",24,1,0,0,0,3,0,3,1,0,2,0,0,1,1,2,0,0,3,1,0,0,0,0,0,0,0
1,"young, miss. marie grice",24,1,0,1,0,2,0,2,0,3,0,0,0,2,1,1,0,0,2,2,0,1,0,0,0,1,0
0,"nysveen, mr. johan hansen",25,2,0,0,0,3,0,0,2,0,1,0,0,1,5,1,0,0,1,2,0,0,1,0,0,1,0
1,"ball, mrs. (ada e hall)",23,4,1,0,1,1,0,0,1,0,0,0,4,1,0,0,0,0,1,1,0,0,0,0,0,0,0
1,"goldsmith, mrs. frank john (emily alice brown)",46,2,1,1,1,2,1,1,2,3,1,1,3,3,3,3,0,0,3,2,1,0,0,1,0,1,0
1,"hippach, miss. jean gertrude",28,2,0,1,1,3,0,1,2,2,1,0,0,1,1,0,2,0,2,2,1,1,0,0,0,0,0
1,"mccoy, miss. agnes",18,1,0,2,0,1,0,1,0,1,0,0,0,2,1,1,0,0,0,3,0,0,0,0,0,1,0
0,"partner, mr. austen",19,2,0,0,0,2,0,0,0,0,0,0,0,1,2,0,1,0,3,1,2,1,0,0,0,0,0
0,"graham, mr. george edward",25,3,0,0,2,3,0,3,1,0,0,0,0,2,0,1,0,0,4,0,0,0,0,1,0,0,0
0,"vander planke, mr. leo edmondus",31,2,0,0,3,4,0,0,0,0,0,1,2,2,3,2,1,0,2,1,0,1,1,0,0,0,0
1,"frauenthal, mrs. henry william (clara heinsheimer)",50,5,0,1,0,5,1,0,4,4,0,0,4,3,3,0,0,0,5,2,1,1,0,1,0,1,0
0,"denkoff, mr. mitto",18,0,0,0,1,1,2,0,0,1,0,1,0,2,1,2,0,0,1,0,2,0,0,0,0,0,0
0,"pears, mr. thomas clinton",25,2,0,1,0,1,0,0,1,1,0,0,1,2,2,2,1,0,2,2,2,0,0,0,0,0,0
1,"burns, miss. elizabeth margaret",31,3,2,0,0,3,0,1,1,2,0,0,1,2,1,0,0,0,3,3,2,1,0,0,0,0,1
1,"dahl, mr. karl edwart",21,3,0,0,2,1,0,0,1,0,0,1,2,1,0,0,0,0,3,0,1,0,0,1,0,0,0
0,"blackwell, mr. stephen weart",28,2,1,1,0,4,0,0,1,0,0,1,3,1,1,0,1,0,2,1,2,0,0,2,0,0,0
1,"navratil, master. edmond roger",30,3,0,0,2,3,0,1,0,1,0,0,1,2,2,2,0,0,4,1,2,0,1,0,0,0,0
1,"fortune, miss. alice elizabeth",30,2,1,1,0,4,1,0,1,3,0,0,2,1,1,1,0,0,1,2,2,1,0,0,0,0,1
0,"collander, mr. erik gustaf",26,2,0,1,1,2,1,1,0,1,0,1,2,1,1,1,0,0,3,1,1,1,0,0,0,0,0
0,"sedgwick, mr. charles frederick waddington",42,2,0,3,4,4,1,2,1,3,0,2,1,1,2,1,0,0,4,2,1,0,0,2,0,0,0
0,"fox, mr. stanley hubert",23,1,1,0,0,2,1,0,1,0,0,0,1,1,1,1,0,0,2,1,2,1,0,0,1,1,0
1,"brown, miss. amelia ""mildred""",29,2,1,0,2,2,0,0,0,3,0,0,2,3,1,1,0,0,2,2,0,0,0,1,0,0,0
1,"smith, miss. marion elsie",25,1,0,0,0,2,0,0,1,4,0,0,1,3,1,1,0,0,1,4,1,0,0,0,0,0,0
1,"davison, mrs. thomas henry (mary e finck)",41,3,0,1,1,2,1,0,2,2,0,1,0,3,3,2,0,0,3,3,1,0,1,0,0,2,0
1,"coutts, master. william loch ""william""",38,3,0,2,0,1,0,0,1,4,0,0,5,3,0,2,0,0,1,2,3,1,0,2,0,0,0
0,"dimic, mr. jovan",16,1,0,1,1,0,0,0,0,2,1,0,0,2,1,1,0,0,1,0,0,0,1,0,0,0,0
0,"odahl, mr. nils martin",22,2,0,0,1,0,0,0,1,2,0,0,2,2,2,1,0,0,2,1,1,0,0,0,0,0,0
0,"williams-lambert, mr. fletcher fellows",38,2,1,1,0,4,2,0,1,2,0,0,6,3,0,1,0,0,3,2,2,0,0,2,0,0,0
0,"elias, mr. tannous",18,2,0,0,0,1,0,0,0,1,0,0,1,1,2,1,0,0,1,2,1,1,0,0,0,0,0
0,"arnold-franchi, mr. josef",25,2,0,1,1,1,2,0,1,1,1,0,1,1,2,2,0,0,3,1,0,0,0,0,0,0,0
0,"yousif, mr. wazli",17,1,0,0,0,0,1,0,0,2,0,0,1,1,0,1,0,0,1,1,0,1,0,1,0,1,1
0,"vanden steen, mr. leo peter",27,1,0,0,1,6,0,0,0,0,0,0,1,1,3,1,1,0,2,1,2,0,1,0,0,0,0
1,"bowerman, miss. elsie edith",27,1,1,0,1,4,0,0,1,3,0,0,1,2,1,1,0,0,1,3,1,0,0,1,0,0,0
0,"funk, miss. annie clemmer",25,1,0,1,0,3,1,0,0,2,0,1,1,3,3,0,0,0,1,2,0,1,0,0,0,0,0
1,"mcgovern, miss. mary",20,1,0,1,0,1,0,1,0,1,0,0,0,3,1,1,0,0,2,2,0,0,1,0,0,1,0
1,"mockler, miss. helen mary ""ellie""",33,1,0,1,0,5,0,0,1,2,0,1,4,3,1,1,0,0,2,2,0,0,0,0,0,1,0
0,"skoog, mr. wilhelm",18,0,0,0,0,1,0,1,1,1,0,1,2,2,0,2,0,0,1,1,0,0,0,1,0,0,0
0,"del carlo, mr. sebastiano",25,3,1,1,1,2,0,0,0,1,0,0,2,1,1,2,0,0,2,2,1,0,0,0,0,0,0
0,"barbara, mrs. (catherine david)",31,5,2,1,2,2,0,0,1,2,0,0,0,1,1,0,0,0,4,1,1,0,1,0,0,0,0
0,"asim, mr. adola",15,3,0,0,1,0,0,0,0,1,0,0,1,2,0,1,0,0,1,1,0,0,0,0,0,0,0
0,"o'brien, mr. thomas",19,1,1,0,0,1,0,0,1,1,0,0,0,2,1,2,0,0,2,1,1,0,0,0,0,0,0
0,"adahl, mr. mauritz nils martin",30,4,0,0,1,0,0,0,1,3,0,0,2,3,2,0,0,0,3,1,2,1,0,0,0,0,1
1,"warren, mrs. frank manley (anna sophia atkinson)",48,7,0,0,0,2,1,0,1,2,0,2,1,2,7,2,1,0,4,3,1,0,0,1,0,1,0
1,"moussa, mrs. (mantoura boulos)",30,3,1,0,0,0,0,0,0,0,0,0,1,3,1,4,0,0,2,4,1,3,0,0,0,0,0
1,"jermyn, miss. annie",19,1,0,0,0,2,0,0,0,2,1,0,0,2,3,0,0,0,1,2,0,0,0,0,0,1,0
1,"aubart, mme. leontine pauline",29,3,1,0,0,4,0,0,0,2,0,0,2,2,3,1,1,0,1,0,2,2,0,0,0,0,0
1,"harder, mr. george achilles",27,2,0,1,1,4,0,2,2,1,0,0,2,1,0,1,0,0,4,1,0,0,0,0,0,0,0
0,"wiklund, mr. jakob alfred",25,2,1,0,2,1,1,0,0,1,1,2,2,1,1,1,0,0,2,0,0,1,0,1,0,0,0
0,"beavan, mr. william thomas",26,4,1,0,0,1,0,0,1,2,0,0,2,3,1,1,0,0,1,1,1,0,1,1,0,0,0
0,"ringhini, mr. sante",19,1,0,0,0,1,0,1,1,3,0,0,0,1,3,0,0,0,2,1,1,0,0,0,0,0,0
0,"palsson, miss. stina viola",26,3,0,0,0,0,0,0,0,3,0,0,2,1,2,2,1,0,0,5,1,0,1,0,0,0,0
1,"meyer, mrs. edgar joseph (leila saks)",37,3,0,0,1,5,0,1,1,1,1,1,2,2,0,1,1,0,3,4,0,0,0,0,0,1,0
1,"landergren, miss. aurora adelia",31,5,0,0,2,3,0,1,0,2,0,0,2,1,2,1,0,0,4,2,0,1,0,0,0,0,0
0,"widener, mr. harry elkins",25,1,0,0,1,3,0,0,1,2,0,1,1,1,2,0,0,0,4,1,0,0,0,1,0,1,0
0,"betros, mr. tannous",19,1,1,0,0,1,0,0,0,0,0,0,0,1,2,2,0,0,2,2,2,1,0,0,0,0,0
0,"gustafsson, mr. karl gideon",27,2,0,0,1,1,1,2,0,1,0,1,1,1,2,2,0,0,2,3,1,1,0,0,0,0,0
1,"bidois, miss. rosalie",21,1,1,0,1,1,0,0,0,4,0,0,1,1,0,2,0,0,1,4,0,0,0,0,0,0,0
1,"nakid, miss. maria (""mary"")",27,4,0,0,1,0,0,0,0,3,0,1,0,3,1,0,0,0,2,2,0,0,0,0,0,1,0
0,"tikkanen, mr. juho",18,1,0,0,0,1,0,0,1,1,1,2,0,1,2,1,0,0,1,0,1,1,0,0,0,0,0
1,"holverson, mrs. alexander oskar (mary aline towner)",51,5,0,0,1,5,0,0,1,1,0,1,3,2,4,4,0,0,6,3,1,0,1,1,1,1,0
0,"plotcharsky, mr. vasil",22,2,0,1,0,0,0,0,1,1,0,1,2,1,0,1,1,0,2,2,1,0,1,0,0,1,0
0,"davies, mr. charles henry",25,2,0,1,1,3,0,0,2,1,0,0,1,1,1,0,0,0,3,2,0,0,1,0,0,1,0
0,"goodwin, master. sidney leonard",31,2,0,0,3,3,0,1,0,2,0,0,1,1,3,3,0,0,2,2,1,0,0,1,0,1,0
1,"buss, miss. kate",16,1,1,0,0,1,0,0,0,1,0,1,0,1,0,0,0,0,0,4,1,1,0,0,0,0,0
0,"sadlier, mr. matthew",20,2,0,0,1,2,0,0,1,1,0,0,1,2,0,0,0,0,2,1,2,0,0,1,0,0,0
1,"lehmann, miss. bertha",21,2,1,0,0,2,0,0,2,1,0,0,1,2,2,0,0,0,1,2,1,0,0,0,0,0,0
1,"carter, mr. william ernest",26,2,0,1,0,3,0,0,0,2,0,0,2,2,1,0,0,0,4,1,2,0,0,1,0,0,0
1,"jansson, mr. carl olof",22,2,0,1,0,0,1,0,0,0,1,0,2,1,2,3,0,0,2,2,0,0,0,0,0,0,0
0,"gustafsson, mr. johan birger",28,2,1,0,0,1,1,2,1,1,1,0,0,1,2,2,0,0,3,3,1,1,0,0,0,0,0
1,"newell, miss. marjorie",22,1,0,0,0,3,0,0,0,2,1,0,2,2,1,1,0,0,2,2,0,0,0,1,0,0,0
1,"sandstrom, mrs. hjalmar (agnes charlotta bengtsson)",51,6,1,1,1,2,0,2,2,0,1,0,2,3,4,3,0,0,4,6,4,0,0,0,0,0,0
0,"johansson, mr. erik",19,1,0,0,0,1,0,0,1,1,1,1,0,1,2,2,0,0,2,2,0,0,0,0,0,0,0
0,"olsson, miss. elina",19,1,0,0,0,1,0,0,0,2,0,0,2,1,2,2,0,0,0,4,0,0,0,0,0,0,0
0,"mckane, mr. peter david",23,2,0,1,2,3,0,0,0,1,0,1,0,2,1,0,1,0,2,0,1,0,1,0,0,0,0
0,"pain, dr. alfred",16,2,0,0,2,1,1,0,0,1,0,0,1,0,1,0,1,0,2,0,0,0,0,0,0,0,0
1,"trout, mrs. william h (jessie l)",32,1,0,0,0,2,0,0,1,3,1,0,3,2,0,1,0,0,2,3,2,1,0,1,0,0,0
1,"niskanen, mr. juha",18,2,0,0,0,1,0,0,1,1,1,1,0,1,3,0,0,0,1,1,0,1,0,0,0,0,0
0,"adams, mr. john",15,2,0,0,1,0,0,0,1,0,1,0,0,2,1,1,0,0,1,1,0,0,0,0,0,0,0
0,"jussila, miss. mari aina",24,4,0,0,0,0,0,0,0,4,1,0,1,2,1,0,0,0,1,4,0,1,0,0,0,0,0
0,"hakkarainen, mr. pekka pietari",30,5,0,0,0,3,0,0,1,3,0,4,0,1,2,0,2,0,3,0,1,0,0,0,0,0,0
0,"oreskovic, miss. marija",23,2,0,1,0,1,0,0,0,3,1,1,0,2,0,2,0,0,2,3,0,0,1,0,0,0,0
0,"gale, mr. shadrach",18,3,0,1,1,1,0,1,2,0,0,0,1,1,0,0,0,0,2,1,0,0,0,0,0,0,0
0,"widegren, mr. carl/charles peter",32,2,0,2,1,5,0,1,1,1,0,0,2,1,1,0,1,0,5,1,1,0,0,1,0,0,0
1,"richards, master. william rowe",30,3,0,1,1,2,0,0,1,3,0,0,2,2,0,1,0,0,4,2,1,0,0,2,0,0,0
0,"birkeland, mr. hans martin monsen",33,3,1,0,1,2,0,0,1,2,0,1,1,3,5,1,0,0,3,2,1,0,0,0,0,0,0
0,"lefebre, miss. ida",18,1,1,0,1,3,1,0,0,2,0,0,1,1,0,0,0,0,1,2,0,0,0,0,0,0,0
0,"sdycoff, mr. todor",18,0,0,1,2,0,2,0,0,0,0,0,0,1,0,3,0,0,2,1,1,0,0,0,0,1,0
0,"hart, mr. henry",15,1,0,0,0,1,0,0,2,0,0,0,0,1,1,0,0,0,3,0,1,0,0,0,0,1,0
1,"minahan, miss. daisy e",22,3,0,0,1,1,0,0,1,3,0,0,0,2,2,0,0,0,0,3,0,0,0,0,0,1,0
0,"cunningham, mr. alfred fleming",30,2,0,1,1,2,2,2,1,2,0,0,2,3,4,0,0,0,2,0,0,1,0,0,0,0,0
1,"sundman, mr. johan julian",25,3,0,0,1,0,0,0,1,1,2,0,1,2,4,1,0,0,1,1,0,2,0,0,0,0,0
0,"meek, mrs. thomas (annie louise rowley)",39,2,0,0,0,5,0,0,1,2,0,1,2,3,2,3,0,0,2,3,1,1,0,1,0,1,0
1,"drew, mrs. james vivian (lulu thorne christian)",47,3,0,1,1,3,0,0,2,4,1,0,2,2,3,1,0,0,4,3,2,2,2,1,0,0,0
1,"silven, miss. lyyli karoliina",29,2,0,0,0,1,0,0,0,5,0,1,4,1,2,1,0,0,1,3,0,0,1,0,0,2,0
0,"matthews, mr. william john",26,2,0,0,0,1,0,0,2,2,1,0,2,3,1,1,0,0,1,1,2,0,0,2,0,0,0
0,"van impe, miss. catharina",25,4,0,1,0,1,0,0,1,3,0,0,0,2,2,0,1,0,1,2,1,0,1,0,0,0,0
0,"gheorgheff, mr. stanio",22,1,0,0,0,2,2,2,2,1,0,0,0,1,1,2,0,0,2,1,1,0,0,0,0,0,0
0,"charters, mr. david",19,2,0,1,2,1,0,0,1,1,0,0,0,1,0,0,0,0,3,1,1,0,1,0,0,0,0
0,"zimmerman, mr. leo",18,1,0,0,0,2,0,0,0,1,0,0,1,4,1,1,0,0,2,0,0,0,0,0,0,0,1
0,"danbom, mrs. ernst gilbert (anna sigrid maria brogren)",54,5,3,0,2,3,0,3,0,4,0,0,1,3,5,2,0,0,7,3,2,0,0,0,0,0,0
0,"rosblom, mr. viktor richard",27,1,1,1,1,0,0,0,1,2,0,1,1,2,0,3,0,0,5,1,1,0,1,0,0,0,0
0,"wiseman, mr. phillippe",22,1,0,0,0,2,0,0,1,3,0,0,2,2,1,0,3,0,1,1,0,0,0,1,0,0,0
1,"clarke, mrs. charles v (ada maria winfield)",43,6,0,2,2,3,1,0,1,3,0,1,3,2,1,0,0,0,4,2,0,0,1,1,0,0,0
1,"phillips, miss. kate florence (""mrs kate louise phillips marshall"")",67,4,0,1,0,5,1,0,3,6,0,2,8,3,1,2,4,0,3,7,2,1,0,0,0,0,0
0,"flynn, mr. james",16,1,0,0,0,1,1,0,0,0,1,0,1,2,2,0,0,0,1,1,0,0,0,0,0,1,0
1,"pickard, mr. berk (berk trembisky)",34,1,3,1,1,3,0,0,0,2,0,4,0,2,0,0,1,0,5,1,1,0,0,0,0,1,0
1,"bjornstrom-steffansson, mr. mauritz hakan",41,4,1,0,0,1,2,0,1,1,1,1,0,3,4,3,0,0,4,4,3,1,0,0,0,0,1
1,"thorneycroft, mrs. percival (florence kate white)",49,2,0,3,0,6,2,0,2,2,0,1,2,1,2,3,1,0,5,1,4,0,1,1,0,1,0
1,"louch, mrs. charles alexander (alice adelaide slow)",51,6,0,3,3,6,0,0,2,2,0,0,6,1,1,2,0,0,3,3,0,1,0,1,1,0,0
0,"kallio, mr. nikolai erland",26,3,0,0,1,1,0,0,0,3,0,2,4,1,2,2,0,0,2,0,0,0,0,0,0,0,0
0,"silvey, mr. william baird",25,2,1,0,1,1,0,0,0,4,0,0,3,2,0,0,0,0,2,1,0,0,1,1,0,1,0
1,"carter, miss. lucile polk",25,1,0,2,0,2,0,0,0,2,0,1,3,1,0,1,1,0,2,2,1,1,0,0,0,0,0
0,"ford, miss. doolina margaret ""daisy""",36,4,0,0,3,1,1,1,0,3,0,0,1,2,1,3,0,0,3,3,1,0,0,0,0,1,0
1,"richards, mrs. sidney (emily hocking)",37,1,0,2,2,2,0,1,2,4,0,1,1,2,2,1,0,0,3,3,0,0,0,0,0,2,0
0,"fortune, mr. mark",17,1,0,0,0,1,1,0,0,0,0,1,0,2,1,1,0,0,3,0,1,1,0,0,0,0,0
0,"kvillner, mr. johan henrik johannesson",38,2,0,0,0,3,0,0,3,2,2,2,2,1,6,3,0,0,3,2,0,0,1,0,0,0,0
1,"hart, mrs. benjamin (esther ada bloomfield)",43,4,2,0,2,4,1,0,2,2,1,0,2,3,2,2,0,0,3,2,2,0,0,0,0,0,0
0,"hampe, mr. leon",15,1,0,0,0,2,0,0,1,0,0,0,1,2,1,1,1,0,1,0,0,0,0,0,0,0,0
0,"petterson, mr. johan emil",25,1,0,0,0,3,0,0,1,1,1,0,1,2,2,2,1,0,2,1,2,0,0,0,0,0,0
1,"reynaldo, ms. encarnacion",25,3,0,2,1,2,0,0,0,1,0,0,1,1,4,2,0,0,2,1,0,0,0,0,0,1,0
1,"johannesen-bratthammer, mr. bernt",33,3,2,0,0,4,0,0,2,0,1,0,0,3,4,1,0,0,4,1,3,0,0,0,0,0,0
1,"dodge, master. washington",25,2,0,0,2,2,0,2,1,1,0,0,0,1,2,2,0,0,1,2,2,0,0,1,0,0,0
1,"mellinger, miss. madeleine violet",33,1,0,0,1,6,0,1,0,4,0,0,4,3,2,1,0,0,1,2,1,0,1,0,0,0,0
1,"seward, mr. frederic kimber",27,1,1,1,2,4,1,0,0,2,0,1,0,2,0,0,0,0,5,1,0,0,0,1,0,0,0
1,"baclini, miss. marie catherine",30,3,1,2,0,3,0,0,1,5,0,0,1,2,2,0,0,0,2,2,1,0,0,0,0,0,0
1,"peuchen, major. arthur godfrey",30,2,0,1,1,3,1,1,2,0,1,0,0,1,1,2,1,0,4,0,1,2,0,0,0,1,0
0,"west, mr. edwy arthur",21,1,0,0,1,2,0,0,1,0,0,0,0,1,0,0,0,0,3,1,2,1,0,2,0,1,0
0,"hagland, mr. ingvald olai olsen",31,4,0,0,2,1,0,2,1,2,0,0,4,1,3,2,0,0,1,1,0,0,1,0,0,0,0
0,"foreman, mr. benjamin laventall",31,4,1,0,0,3,1,0,0,1,1,0,3,3,4,1,0,0,2,0,1,0,1,0,0,0,0
1,"goldenberg, mr. samuel l",24,1,1,0,1,3,0,2,0,0,0,0,3,2,1,1,0,0,2,1,0,1,0,0,0,0,0
0,"peduzzi, mr. joseph",19,0,0,0,1,2,0,0,1,1,1,0,0,1,0,1,2,0,1,1,0,1,0,0,0,0,2
1,"jalsevac, mr. ivan",18,3,0,1,0,1,0,0,0,1,1,0,1,1,1,0,0,0,1,1,0,0,2,0,0,0,0
0,"millet, mr. francis davis",25,2,0,1,1,1,1,0,0,3,0,0,2,2,1,0,0,0,2,2,1,0,1,0,0,0,0
1,"kenyon, mrs. frederick r (marion)",33,1,0,1,1,3,1,0,0,2,0,2,0,2,3,2,0,0,5,1,0,0,0,0,0,1,0
1,"toomey, miss. ellen",19,0,0,0,0,3,0,0,0,1,0,0,2,2,1,2,0,0,0,2,1,0,0,0,0,1,0
0,"o'connor, mr. maurice",21,1,0,2,0,1,0,0,0,1,0,0,0,2,2,3,0,0,3,0,0,1,0,0,0,0,0
1,"anderson, mr. harry",19,2,0,0,1,1,0,0,1,0,0,0,0,1,2,1,0,0,4,1,0,0,0,0,0,1,0
0,"morley, mr. william",19,1,0,0,0,1,0,0,0,2,0,0,3,3,0,1,0,0,2,0,0,0,0,1,0,1,0
0,"gee, mr. arthur h",17,1,0,0,0,2,0,1,2,0,0,0,0,1,0,0,0,0,3,0,1,1,0,0,0,0,0
0,"milling, mr. jacob christian",28,2,1,2,0,0,0,1,1,4,1,0,2,2,2,1,0,0,2,1,1,0,0,0,0,0,0
0,"maisner, mr. simon",18,1,0,0,0,1,0,0,0,2,0,0,0,3,2,1,0,0,2,2,0,0,0,0,0,0,0
0,"goncalves, mr. manuel estanslas",31,4,0,1,0,3,0,1,0,0,0,0,3,2,3,1,0,0,1,4,1,1,1,0,0,0,0
0,"campbell, mr. william",21,2,1,1,0,1,0,0,0,2,0,0,4,3,0,0,1,0,1,0,0,0,0,1,0,0,0
0,"smart, mr. john montgomery",26,1,0,0,0,1,0,1,1,0,1,0,0,4,2,3,0,0,3,1,2,0,0,0,0,1,0
0,"scanlan, mr. james",18,3,0,1,0,1,0,0,0,0,1,0,1,2,2,0,0,0,1,2,0,0,0,0,0,0,0
1,"baclini, miss. helene barbara",29,4,3,1,0,3,0,0,1,3,0,0,2,1,2,0,0,0,2,2,0,0,0,0,0,0,0
0,"keefe, mr. arthur",17,1,0,0,0,3,1,0,1,0,0,1,0,1,0,0,0,0,3,0,1,1,0,0,0,0,0
0,"cacic, mr. luka",15,2,0,3,0,0,0,0,0,1,0,1,1,1,0,0,0,0,1,0,0,1,0,0,0,0,0
1,"west, mrs. edwy arthur (ada mary worth)",39,4,0,0,2,2,0,0,2,0,0,0,0,2,0,1,0,0,5,2,3,1,0,3,0,2,0
1,"jerwan, mrs. amin s (marie marthe thuillard)",44,5,0,0,1,3,0,0,2,3,1,0,2,4,2,0,0,0,5,2,2,1,0,1,0,0,0
0,"strandberg, miss. ida sofia",27,3,1,0,2,1,1,1,0,3,0,0,0,1,1,1,0,0,2,4,1,0,0,0,0,0,0
0,"clifford, mr. george quincy",27,0,0,2,1,2,2,2,0,2,0,0,1,1,1,2,0,1,3,0,0,1,0,0,0,1,0
0,"renouf, mr. peter henry",23,0,0,0,0,4,1,0,1,0,0,0,0,1,2,1,1,0,4,0,1,1,0,0,0,1,0
0,"braund, mr. lewis richard",25,2,1,1,2,1,0,0,1,2,0,0,1,1,1,0,0,0,4,1,0,1,0,1,0,0,0
0,"karlsson, mr. nils august",25,2,0,0,0,0,0,1,0,1,0,1,2,1,2,1,0,0,2,4,1,2,0,0,0,0,0
1,"hirvonen, miss. hildur e",24,0,0,0,1,2,0,0,2,3,0,0,1,1,2,1,0,0,2,2,0,1,1,0,0,0,0
0,"goodwin, master. harold victor",30,2,0,1,2,1,0,1,1,2,0,0,1,1,1,4,0,0,3,1,2,0,1,1,0,0,0
0,"frost, mr. anthony wood ""archie""",32,2,0,1,1,1,1,0,2,1,0,0,0,1,2,4,0,0,3,1,2,0,0,1,0,1,0
0,"rouse, mr. richard henry",24,1,0,1,1,2,0,0,2,1,0,0,0,1,1,1,0,0,5,1,0,1,0,0,0,1,0
1,"turkula, mrs. (hedwig)",22,1,0,0,1,1,0,1,1,1,0,1,1,1,0,0,0,0,2,1,1,2,0,1,0,0,0
1,"bishop, mr. dickinson h",23,0,1,1,1,0,0,0,2,3,0,1,0,1,2,2,1,0,1,2,0,0,0,0,0,0,0
0,"lefebre, miss. jeannie",22,1,1,0,0,5,1,0,0,2,1,0,1,1,2,0,0,0,1,2,0,0,0,0,0,0,0
1,"hoyt, mrs. frederick maxfield (jane anne forby)",47,3,1,1,2,5,3,0,1,2,1,1,1,2,3,2,0,0,4,1,1,0,0,0,1,2,0
0,"kent, mr. edward austin",23,2,0,0,2,2,0,0,0,1,0,1,0,1,2,0,0,0,2,1,2,1,0,1,0,0,0
0,"somerton, mr. francis william",29,2,0,1,0,1,1,0,0,3,0,0,2,3,2,2,0,0,3,2,1,0,0,1,0,0,0
1,"coutts, master. eden leslie ""neville""",37,1,0,1,1,7,0,0,0,2,0,0,4,1,2,1,0,0,1,3,3,1,1,0,0,0,0
0,"hagland, mr. konrad mathias reiersen",36,5,0,0,2,3,0,1,2,2,0,1,1,2,3,1,0,0,4,2,1,0,0,0,0,0,0
0,"windelov, mr. einar",19,1,0,0,1,2,0,0,0,2,0,0,1,1,2,1,0,0,2,0,0,0,1,1,0,0,0
0,"molson, mr. harry markland",26,3,0,0,1,0,0,0,1,0,0,1,2,3,2,2,0,0,4,1,0,0,0,0,0,1,0
0,"artagaveytia, mr. ramon",23,5,0,0,0,1,0,1,0,1,0,0,0,2,1,1,0,0,3,0,2,0,1,0,0,1,0
0,"stanley, mr. edward roland",26,3,0,0,3,2,0,0,0,0,0,0,2,1,2,1,0,0,3,1,1,0,0,1,0,1,0
0,"yousseff, mr. gerious",21,0,0,0,0,2,2,1,0,1,0,0,0,1,0,2,0,0,2,3,0,2,0,0,0,1,0
1,"eustis, miss. elizabeth mussey",30,1,1,0,0,4,0,0,1,3,0,0,1,2,0,0,0,0,0,6,2,2,0,0,0,1,1
0,"shellard, mr. frederick william",31,2,0,1,2,3,1,0,1,3,0,1,4,2,0,0,0,0,4,1,0,0,0,1,0,0,0
0,"allison, mrs. hudson j c (bessie waldo daniels)",47,3,1,1,3,3,0,0,1,3,1,0,4,1,3,3,0,0,1,6,0,1,0,1,0,0,0
0,"svensson, mr. olof",18,0,0,0,0,1,1,0,0,0,0,0,1,1,2,3,0,0,1,3,0,0,1,0,0,0,0
0,"calic, mr. petar",16,2,0,2,0,1,0,0,0,1,0,0,1,1,0,0,1,0,2,0,1,0,0,0,0,0,0
0,"canavan, miss. mary",19,4,0,1,0,0,0,0,0,1,0,0,0,2,2,0,0,0,1,2,0,0,1,0,0,1,0
0,"o'sullivan, miss. bridget mary",30,2,1,0,1,1,0,1,0,3,0,0,2,2,1,1,0,0,2,3,1,1,1,0,0,1,0
0,"laitinen, miss. kristina sofia",30,3,0,0,0,1,1,0,0,6,0,1,1,1,3,1,0,0,1,4,2,0,0,0,0,0,0
1,"maioni, miss. roberta",21,2,1,0,0,1,0,0,0,3,0,0,0,2,1,2,0,0,2,2,1,0,0,0,0,0,0
0,"penasco y castellana, mr. victor de satode",42,5,0,3,2,4,0,0,0,1,0,0,2,1,2,3,1,0,2,3,3,0,1,0,0,1,0
1,"quick, mrs. frederick charles (jane richards)",45,3,0,4,2,4,1,0,2,3,1,2,1,1,1,0,0,1,6,3,0,1,0,0,0,0,0
1,"bradley, mr. george (""george arthur brayton"")",45,3,2,0,1,5,0,4,1,0,0,0,1,1,1,3,0,0,7,0,2,1,0,0,0,2,0
0,"olsen, mr. henry margido",24,1,0,0,1,2,0,1,1,1,0,0,1,2,2,2,0,0,3,1,0,0,0,0,0,1,0
1,"lang, mr. fang",14,2,0,0,0,0,1,2,0,0,0,0,1,1,2,0,0,0,1,0,0,0,0,0,0,0,0
1,"daly, mr. eugene patrick",24,2,0,1,1,3,0,1,0,1,0,1,1,1,1,0,1,0,2,0,1,1,0,0,0,1,0
0,"webber, mr. james",17,1,2,0,0,3,0,0,0,0,1,0,0,2,0,0,0,0,2,1,0,0,0,1,0,0,0
1,"mcgough, mr. james robert",25,1,1,1,0,2,0,2,1,0,1,0,0,3,0,2,0,0,3,1,1,1,0,0,0,0,0
1,"rothschild, mrs. martin (elizabeth l. barrett)",46,3,2,1,1,3,0,0,3,3,0,0,3,2,1,1,0,0,5,2,5,0,0,0,0,0,1
0,"coleff, mr. satio",17,1,0,1,0,1,2,0,0,1,0,0,1,1,0,2,0,0,1,1,1,0,0,0,0,0,0
0,"walker, mr. william anderson",28,3,0,0,1,2,0,0,0,2,0,1,3,2,2,1,0,0,3,1,0,0,0,2,0,0,0
1,"lemore, mrs. (amelia milley)",28,2,0,0,0,4,0,0,0,2,0,0,4,4,0,1,0,0,2,1,0,0,0,0,0,1,0
0,"ryan, mr. patrick",17,2,0,1,0,0,0,0,0,1,0,1,0,1,1,0,1,0,3,0,1,0,0,0,0,1,0
1,"angle, mrs. william a (florence ""mary"" agnes hughes)",52,5,0,1,0,5,1,3,2,2,0,0,4,3,3,1,0,0,3,3,0,1,0,1,0,1,0
0,"pavlovic, mr. stefo",19,1,0,1,0,1,1,0,0,1,0,0,1,1,0,2,1,0,1,1,1,0,2,0,0,0,0
1,"perreault, miss. anne",21,2,0,0,0,3,0,0,0,1,0,0,1,1,2,0,1,0,2,2,1,1,0,0,0,0,0
0,"vovk, mr. janko",15,1,0,0,0,0,0,0,0,0,1,2,0,1,1,2,0,0,1,0,0,0,2,0,0,0,0
0,"lahoud, mr. sarkis",18,2,0,0,1,0,0,0,1,1,0,1,1,1,0,1,0,0,2,2,0,1,0,0,0,0,0
1,"hippach, mrs. louis albert (ida sophia fischer)",47,4,1,2,1,2,1,0,4,5,0,0,2,1,0,2,3,0,3,4,1,1,0,0,0,0,0
0,"kassem, mr. fared",17,2,0,0,1,2,1,0,0,0,0,1,0,2,0,0,0,0,2,2,0,0,0,0,0,0,0
0,"farrell, mr. james",18,2,0,0,0,2,1,0,0,0,1,0,2,2,0,0,0,0,3,1,0,0,0,0,0,0,0
1,"ridsdale, miss. lucy",20,1,0,1,2,1,0,0,0,2,0,0,2,1,0,0,0,0,1,3,0,1,0,0,0,1,0
0,"farthing, mr. john",18,1,0,0,0,0,1,1,2,1,1,0,0,1,2,1,0,0,2,0,1,0,0,0,0,0,0
0,"salonen, mr. johan werner",25,2,0,0,0,3,0,0,1,0,1,0,1,1,4,2,0,0,3,1,0,0,0,1,0,0,0
0,"hocking, mr. richard george",27,1,0,2,1,2,0,3,2,2,0,1,0,1,1,2,0,0,4,0,0,0,0,0,0,0,0
1,"quick, miss. phyllis may",24,1,0,1,0,0,0,0,1,3,0,1,2,2,0,0,1,1,0,3,0,1,0,0,0,2,0
0,"toufik, mr. nakli",17,1,0,0,0,0,1,0,0,2,0,2,1,1,1,1,0,0,1,0,1,1,0,0,0,0,0
0,"elias, mr. joseph jr",20,1,0,0,0,2,0,0,1,1,2,0,1,1,0,1,1,0,2,2,0,0,0,0,0,0,0
1,"peter, mrs. catherine (catherine rizk)",38,2,0,2,0,6,0,0,2,3,0,1,0,1,2,0,1,0,5,1,3,0,0,0,0,0,1
0,"cacic, miss. marija",19,3,0,3,0,0,0,0,0,3,1,0,0,2,0,0,0,0,1,2,0,0,0,0,0,0,0
1,"hart, miss. eva miriam",22,3,0,0,0,1,0,0,1,3,0,0,0,3,0,0,0,0,2,2,1,0,1,0,0,0,0
0,"butt, major. archibald willingham",33,4,2,1,1,0,0,1,2,3,1,0,3,2,1,1,0,0,2,0,2,1,0,1,0,0,0
1,"leroy, miss. bertha",19,1,1,0,0,2,0,0,1,1,0,0,1,1,0,1,0,0,2,2,1,0,0,0,0,1,0
0,"risien, mr. samuel beard",24,2,1,0,1,3,0,0,0,2,0,0,1,2,1,0,0,0,3,2,0,1,0,0,0,0,0
1,"frolicher, miss. hedwig margaritha",34,3,0,1,1,2,1,2,3,4,0,0,1,2,0,1,0,0,4,2,1,0,0,1,0,0,0
1,"crosby, miss. harriet r",23,1,1,1,0,1,0,0,1,2,0,0,0,1,0,1,0,0,4,3,1,0,0,0,0,1,0
0,"andersson, miss. ingeborg constanzia",36,3,1,1,1,2,0,2,0,3,0,0,0,1,5,3,0,0,2,5,1,0,0,0,0,0,1
0,"andersson, miss. sigrid elisabeth",33,2,1,0,2,3,0,1,1,4,0,0,1,1,2,1,0,0,2,6,1,0,0,0,0,0,0
1,"beane, mr. edward",17,2,1,0,2,3,0,0,0,0,0,0,0,1,1,0,0,0,2,0,0,0,0,1,0,0,0
0,"douglas, mr. walter donald",26,3,0,0,3,1,0,1,0,0,0,0,3,1,1,2,0,0,2,1,1,1,0,1,0,0,0
0,"nicholson, mr. arthur ernest",28,1,0,1,0,2,0,0,2,1,0,0,1,1,3,2,0,0,4,2,2,1,0,0,0,0,0
1,"beane, mrs. edward (ethel clarke)",33,3,1,1,2,6,0,0,1,0,0,1,2,1,1,0,0,0,3,1,1,0,0,1,0,0,0
1,"padro y manent, mr. julian",26,3,0,0,1,1,0,0,0,1,1,0,1,2,3,1,1,0,2,0,1,1,0,0,0,1,0
0,"goldsmith, mr. frank john",25,1,0,0,1,0,1,1,2,1,1,1,1,2,2,2,0,0,2,1,1,0,0,0,0,0,0
1,"davies, master. john morgan jr",30,3,0,0,1,2,0,1,1,1,2,0,0,2,2,2,0,0,3,2,1,0,1,0,0,0,0
1,"thayer, mr. john borland jr",27,2,1,0,1,1,0,0,2,0,2,0,1,1,2,2,0,0,4,0,1,0,0,0,0,1,0
0,"sharp, mr. percival james r",27,3,0,1,0,2,0,0,1,1,1,0,1,2,0,0,2,0,4,2,0,0,1,0,0,0,0
0,"o'brien, mr. timothy",20,0,1,0,0,1,0,0,1,2,0,0,0,2,1,2,0,0,2,0,2,0,0,0,0,1,0
1,"leeni, mr. fahim (""philip zenni"")",33,1,0,0,0,3,1,0,2,5,0,0,2,2,3,0,2,0,1,0,0,0,0,0,0,0,1
1,"ohman, miss. velin",18,1,0,0,0,1,0,0,1,2,0,0,1,2,2,1,0,0,0,2,0,0,1,0,0,0,0
0,"wright, mr. george",18,0,0,0,0,2,0,3,1,1,0,0,0,1,0,1,0,0,3,0,1,0,0,1,0,0,0
1,"duff gordon, lady. (lucille christiana sutherland) (""mrs morgan"")",65,5,0,2,4,2,2,2,2,3,0,0,5,2,4,3,0,0,5,3,2,3,0,0,0,1,0
0,"robbins, mr. victor",19,0,2,1,0,0,0,0,0,2,0,0,0,1,1,2,0,0,3,1,1,0,1,0,0,0,0
1,"taussig, mrs. emil (tillie mandelbaum)",38,3,1,0,1,3,0,1,0,4,0,0,4,4,1,0,0,0,1,3,2,2,0,0,0,0,0
1,"de messemaeker, mrs. guillaume joseph (emma)",44,3,0,0,1,8,0,1,1,1,1,1,2,6,0,1,1,0,2,4,0,2,0,0,0,0,0
0,"morrow, mr. thomas rowan",24,2,0,0,0,0,0,0,1,0,0,0,0,3,1,4,0,0,4,1,1,0,0,2,0,0,0
0,"sivic, mr. husein",17,0,0,1,0,1,0,0,1,3,0,0,0,1,1,0,0,0,1,2,0,1,1,0,0,0,0
0,"norman, mr. robert douglas",26,2,1,0,1,1,0,1,0,0,0,0,1,2,2,3,0,0,4,1,1,1,0,0,0,0,0
0,"simmons, mr. john",17,0,0,0,0,0,0,0,1,1,1,0,0,3,2,2,0,0,1,2,0,0,0,0,0,0,0
0,"meanwell, miss. (marion ogden)",30,2,0,0,1,3,0,1,0,2,0,0,2,3,3,2,0,0,1,2,0,0,0,1,0,0,0
0,"davies, mr. alfred j",20,2,0,0,2,2,1,0,0,1,1,0,1,1,0,0,0,0,2,1,0,0,1,0,0,0,0
0,"stoytcheff, mr. ilia",20,1,0,1,0,1,2,0,1,2,0,0,1,1,0,1,0,0,1,1,2,0,0,0,0,1,0
0,"palsson, mrs. nils (alma cornelia berglund)",43,4,1,1,1,2,0,1,0,2,0,0,5,2,4,2,1,0,3,4,0,1,0,0,0,0,0
0,"doharr, mr. tannous",19,2,0,0,1,0,0,0,1,0,0,0,0,1,2,2,0,0,3,1,1,1,0,0,0,0,0
1,"jonsson, mr. carl",17,1,0,1,0,0,0,0,0,0,1,0,1,1,2,2,0,0,2,2,0,0,0,0,0,0,0
1,"harris, mr. george",18,1,0,0,0,2,0,2,1,1,0,0,0,1,0,1,0,0,4,1,0,0,0,0,0,0,0
1,"appleton, mrs. edward dale (charlotte lamson)",45,5,0,1,3,4,0,0,1,0,0,0,4,2,2,3,2,0,3,2,3,0,0,1,0,0,0
1,"flynn, mr. john irwin (""irving"")",32,0,0,0,0,0,1,1,1,4,1,0,1,1,5,1,0,0,3,0,0,0,1,1,0,1,0
1,"kelly, miss. mary",17,1,0,0,0,1,0,0,0,1,0,1,2,2,0,0,0,0,1,2,0,0,0,0,0,2,0
0,"rush, mr. alfred george john",28,1,0,0,1,3,1,2,2,0,1,0,1,1,1,2,0,0,4,1,0,1,0,0,0,0,0
0,"patchett, mr. george",20,1,0,1,0,3,0,2,1,0,0,0,0,1,0,1,1,0,2,0,3,0,0,0,0,0,0
1,"garside, miss. ethel",20,1,0,0,1,3,0,1,1,2,0,0,1,1,0,0,0,0,1,3,1,0,0,0,0,0,0
1,"silvey, mrs. william baird (alice munger)",41,3,1,1,1,3,0,1,0,5,0,0,4,3,1,0,0,0,3,2,0,1,1,1,0,1,0
0,"caram, mrs. joseph (maria elias)",32,5,0,1,0,2,0,0,1,2,1,0,1,3,0,1,1,0,3,3,0,0,0,0,0,0,0
1,"jussila, mr. eiriik",19,1,0,0,0,1,0,0,0,4,1,1,1,1,0,0,0,0,2,2,0,1,0,0,0,0,0
1,"christy, miss. julie rachel",27,1,0,2,0,2,0,0,2,3,1,0,2,1,0,0,0,0,2,3,1,1,0,0,0,1,0
1,"thayer, mrs. john borland (marian longstreth morris)",52,4,1,0,1,2,0,1,3,2,1,0,2,3,4,4,0,0,7,3,3,0,0,0,0,1,0
0,"downton, mr. william james",26,2,0,0,1,1,0,0,0,2,1,0,2,3,2,2,0,0,1,1,1,0,0,2,0,0,0
0,"ross, mr. john hugo",19,0,0,0,0,0,0,1,2,0,1,0,0,1,1,3,0,0,2,2,0,1,0,0,0,0,0
0,"paulner, mr. uscher",19,1,0,1,0,2,0,0,1,0,0,0,1,1,1,0,1,0,3,1,0,2,0,0,0,0,0
1,"taussig, miss. ruth",19,1,0,0,0,0,0,1,1,2,0,0,0,1,0,0,0,0,1,4,2,2,0,0,0,0,0
0,"jarvis, mr. john denzil",23,1,0,0,1,1,0,0,1,2,2,0,1,1,2,1,0,0,2,1,0,0,1,0,0,0,1
1,"frolicher-stehli, mr. maxmillian",32,2,0,1,0,2,1,0,2,4,0,0,4,3,1,1,0,0,3,1,1,0,0,0,1,0,0
0,"gilinski, mr. eliezer",21,0,0,0,0,3,0,1,0,4,0,1,2,1,1,0,0,0,2,1,0,0,0,0,0,0,1
0,"murdlin, mr. joseph",19,0,0,0,1,1,0,0,1,1,1,0,1,2,1,1,1,0,2,1,0,1,0,0,0,0,0
0,"rintamaki, mr. matti",20,3,0,0,0,0,0,0,0,3,0,1,0,3,1,0,0,0,2,0,3,0,0,0,0,0,0
1,"stephenson, mrs. walter bertram (martha eustis)",47,4,1,0,0,5,0,0,2,1,0,0,1,3,2,1,1,0,5,5,5,1,0,1,0,0,0
0,"elsbury, mr. william james",26,2,1,0,0,2,0,0,0,2,1,0,3,3,0,0,0,0,2,2,0,1,0,1,0,1,0
0,"bourke, miss. mary",18,1,1,0,0,1,0,0,0,1,0,1,0,2,0,1,0,0,2,2,0,1,0,0,0,1,0
0,"chapman, mr. john henry",23,2,0,1,0,1,0,0,3,0,1,0,0,2,3,1,1,0,2,0,0,0,0,0,0,1,0
0,"van impe, mr. jean baptiste",27,3,1,0,0,3,0,0,0,2,1,0,0,2,2,0,2,0,1,1,2,0,1,0,0,0,0
1,"leitch, miss. jessie wills",26,0,0,1,0,3,0,0,1,4,1,0,3,1,0,0,0,0,0,5,1,0,0,1,0,0,0
0,"johnson, mr. alfred",19,1,0,0,1,1,1,0,1,0,1,0,1,1,2,2,0,0,2,1,0,0,0,0,0,0,0
0,"boulos, mr. hanna",17,2,1,0,0,0,0,0,1,0,0,0,1,1,2,2,0,0,1,1,0,1,0,0,0,0,0
1,"duff gordon, sir. cosmo edmund (""mr morgan"")",44,1,0,1,4,1,2,2,0,1,0,0,0,4,3,5,0,0,4,2,0,2,0,0,0,0,0
1,"jacobsohn, mrs. sidney samuel (amy frances christy)",51,4,1,3,1,3,1,0,2,2,1,0,1,3,3,2,0,0,3,6,1,1,0,0,0,3,0
0,"slabenoff, mr. petco",20,1,1,1,0,2,2,0,0,0,0,0,1,1,1,2,1,0,1,1,1,0,0,0,0,0,0
0,"harrington, mr. charles h",25,2,0,1,0,1,0,1,3,1,0,0,1,1,2,1,0,0,4,1,1,0,0,0,0,0,0
0,"torber, mr. ernst william",25,1,1,0,0,2,0,0,0,2,0,0,2,2,1,1,0,0,4,1,2,0,0,1,0,0,0
1,"homer, mr. harry (""mr e haven"")",31,2,0,0,0,3,0,0,3,0,0,0,0,3,1,1,0,0,5,0,0,0,1,0,0,1,0
0,"lindell, mr. edvard bengtsson",29,1,1,0,3,3,0,1,0,1,0,0,3,1,3,1,0,0,2,2,1,0,1,0,0,0,0
0,"karaic, mr. milan",17,3,0,1,0,0,0,0,0,2,0,1,1,2,1,0,0,0,2,0,0,0,0,0,0,0,0
1,"daniel, mr. robert williams",27,2,1,0,1,2,0,0,0,3,0,0,3,2,1,1,0,0,3,1,1,0,0,1,0,0,0
1,"laroche, mrs. joseph (juliette marie louise lafargue)",53,4,0,1,0,7,1,1,2,3,2,0,4,2,0,3,1,0,4,3,2,3,0,0,0,0,0
1,"shutes, miss. elizabeth w",25,1,1,0,0,3,0,0,2,2,0,0,1,1,0,0,0,0,0,4,2,1,0,1,0,0,1
0,"andersson, mrs. anders johan (alfrida konstantia brogren)",57,7,1,0,3,3,1,1,1,2,1,1,1,1,7,4,0,0,6,5,2,0,0,0,0,0,0
0,"jardin, mr. jose neto",21,1,0,0,1,2,0,0,0,1,2,0,0,1,2,2,0,0,2,1,1,0,0,0,0,0,0
1,"murphy, miss. margaret jane",27,3,0,0,0,2,0,1,1,1,1,0,0,3,1,0,1,0,3,2,1,1,0,0,0,1,0
0,"horgan, mr. john",16,1,0,0,0,0,0,1,2,0,1,0,0,1,2,2,0,0,2,0,0,0,0,0,0,0,0
0,"brocklebank, mr. william alfred",31,3,2,1,1,2,1,0,0,2,0,2,4,2,1,1,0,0,3,0,0,0,0,1,0,0,0
1,"herman, miss. alice",19,2,0,1,0,2,0,0,1,2,0,0,1,2,1,0,0,0,1,2,0,0,0,0,0,0,0
0,"danbom, mr. ernst gilbert",25,1,2,0,1,2,0,1,0,1,0,0,1,2,2,1,0,0,3,1,2,0,0,0,0,0,0
0,"lobb, mrs. william arthur (cordelia k stanlick)",47,4,2,2,1,1,0,0,1,4,0,2,5,2,1,2,0,0,4,2,2,1,0,1,0,0,0
1,"becker, miss. marion louise",27,1,1,1,0,3,0,0,0,3,0,1,1,2,1,2,0,0,2,3,0,1,0,0,0,0,0
0,"gavey, mr. lawrence",19,2,0,1,0,3,0,1,0,0,0,0,1,1,1,0,0,0,2,0,0,0,1,1,0,1,0
0,"yasbeck, mr. antoni",19,2,1,1,0,1,0,0,0,1,0,1,0,1,2,1,0,0,1,1,1,0,0,0,0,1,0
1,"kimball, mr. edwin nelson jr",28,1,1,0,1,2,0,0,0,2,1,1,3,2,3,1,0,0,2,1,0,0,0,1,0,0,0
1,"nakid, mr. sahid",16,2,0,0,2,0,0,0,1,2,0,1,0,1,1,0,0,0,1,1,0,0,0,0,0,0,0
0,"hansen, mr. henry damsgaard",27,4,0,0,2,2,0,1,2,0,0,0,0,2,3,0,0,0,3,2,0,0,0,0,0,1,0
0,"bowen, mr. david john ""dai""",27,2,1,0,3,1,0,0,1,2,1,0,0,1,2,2,0,0,1,0,0,0,1,1,0,0,0
0,"sutton, mr. frederick",21,0,0,1,1,2,1,0,0,1,0,1,0,1,1,1,0,0,3,1,2,1,0,0,0,0,0
0,"kirkland, rev. charles leonard",30,3,0,1,2,3,0,0,1,1,0,2,3,0,2,1,0,0,4,1,0,0,1,0,0,0,0
1,"longley, miss. gretchen fiske",29,0,0,1,0,4,1,2,1,2,0,1,2,1,2,1,0,0,1,3,1,0,0,0,0,1,0
0,"bostandyeff, mr. guentcho",25,1,1,1,1,2,2,1,1,0,0,0,0,1,2,2,0,0,1,1,2,1,0,0,0,1,0
0,"o'connell, mr. patrick d",24,1,0,2,1,1,0,0,0,1,0,1,2,1,2,2,1,0,2,0,1,0,0,0,0,0,0
1,"barkworth, mr. algernon henry wilson",36,2,1,0,0,2,0,1,2,1,0,1,2,1,4,3,0,0,5,1,1,0,0,2,0,1,0
0,"lundahl, mr. johan svensson",27,2,0,0,1,1,0,0,2,0,1,0,2,1,4,2,0,0,1,3,0,1,1,0,0,0,0
1,"stahelin-maeglin, dr. max",25,3,0,0,1,2,0,1,1,2,0,0,2,2,2,0,0,0,1,1,1,0,0,0,1,0,0
0,"parr, mr. william henry marsh",29,3,0,0,0,1,0,0,2,2,0,0,2,3,1,0,1,0,5,1,0,0,0,1,0,1,0
0,"skoog, miss. mabel",18,1,1,0,0,1,0,1,0,1,0,1,1,2,0,2,0,0,0,3,0,0,0,0,0,0,0
1,"davis, miss. mary",17,2,0,0,1,0,0,0,0,2,0,0,0,2,0,0,0,0,1,3,0,0,1,0,0,1,0
0,"leinonen, mr. antti gustaf",26,2,0,0,0,2,1,1,0,2,0,0,1,1,4,1,0,0,1,1,3,1,0,0,0,0,0
0,"collyer, mr. harvey",19,1,0,1,0,2,0,0,1,0,0,0,2,1,0,1,0,0,3,0,0,0,1,0,0,2,0
0,"panula, mrs. juha (maria emilia ojala)",38,8,0,0,0,1,0,0,1,3,2,0,3,3,1,1,1,0,2,1,0,2,0,0,0,0,0
0,"thorneycroft, mr. percival",26,1,0,2,0,2,1,0,1,1,0,0,1,1,1,2,1,0,4,0,2,0,1,0,0,1,0
0,"jensen, mr. hans peder",22,1,0,0,1,4,0,0,1,0,1,0,0,1,3,0,1,0,2,2,0,0,0,0,0,0,0
1,"sagesser, mlle. emma",20,2,0,0,0,4,0,1,0,0,0,0,2,3,0,0,0,0,1,3,0,0,0,0,0,0,0
0,"skoog, miss. margit elizabeth",29,2,1,0,0,2,0,2,1,3,0,1,1,2,0,2,0,0,1,3,2,0,0,0,0,0,1
1,"foo, mr. choong",15,0,0,1,0,0,1,1,1,0,0,0,0,1,1,4,0,0,1,0,0,0,0,0,0,0,0
1,"baclini, miss. eugenie",22,1,1,1,0,3,0,1,0,4,0,0,1,1,2,0,0,0,0,2,0,1,0,0,0,0,0
1,"harper, mr. henry sleeper",25,1,0,0,0,5,0,0,2,0,0,0,1,1,1,0,2,0,5,1,0,0,0,0,0,1,0
0,"cor, mr. liudevit",17,0,0,1,1,1,0,0,0,2,0,0,1,1,0,1,0,0,2,0,1,1,1,0,0,0,0
1,"simonius-blumer, col. oberst alfons",35,1,2,1,0,2,1,0,0,2,0,0,3,2,2,4,0,0,2,4,1,2,0,0,0,0,0
0,"willey, mr. edward",18,1,0,0,2,2,0,0,0,1,0,0,2,1,0,0,0,0,2,0,0,0,0,2,0,1,0
1,"stanley, miss. amy zillah elsie",31,3,0,0,0,3,0,0,1,3,0,0,4,2,1,0,0,0,0,4,1,0,0,0,0,2,1
0,"mitkoff, mr. mito",17,0,0,0,0,0,2,0,0,2,0,1,0,3,0,2,0,0,1,0,2,0,0,0,0,0,0
1,"doling, miss. elsie",19,0,0,0,1,2,0,1,0,3,0,0,2,1,1,1,0,0,0,3,0,0,0,0,0,0,0
0,"kalvik, mr. johannes halvorsen",30,3,0,0,0,2,0,0,2,1,1,2,2,1,3,2,0,0,2,2,0,0,2,0,0,0,0
1,"o'leary, miss. hanora ""norah""",29,4,0,0,0,1,0,0,2,1,0,0,1,1,2,3,0,0,3,2,0,0,0,0,0,1,0
0,"hegarty, miss. hanora ""nora""",28,4,0,0,0,1,0,1,2,1,0,0,0,1,2,2,0,0,3,2,1,0,0,0,0,1,0
0,"hickman, mr. leonard mark",25,3,0,1,1,1,0,0,1,1,0,2,1,3,2,1,0,0,3,0,0,0,0,0,0,0,0
0,"radeff, mr. alexander",21,3,0,0,2,3,2,0,0,0,0,0,1,1,1,0,0,0,3,0,0,0,0,0,1,0,0
0,"bourke, mrs. john (catherine)",29,1,1,1,0,3,0,0,2,1,1,1,0,1,2,2,0,0,3,1,1,1,0,0,0,0,0
0,"eitemiller, mr. george floyd",28,0,0,0,1,5,1,2,0,2,0,0,3,2,0,2,0,0,3,0,1,0,0,0,0,1,0
0,"newell, mr. arthur webster",26,1,1,0,0,4,0,0,1,0,0,0,2,1,1,0,0,0,4,1,2,1,0,2,0,0,0
1,"frauenthal, dr. henry william",29,3,0,0,1,2,1,0,2,2,0,0,3,1,2,0,0,0,3,0,1,1,0,1,0,1,0
0,"badt, mr. mohamed",17,2,1,0,2,1,0,0,1,0,0,0,0,3,0,1,0,0,1,0,1,0,0,0,0,0,0
0,"colley, mr. edward pomeroy",26,1,0,1,2,3,0,0,0,0,0,0,2,2,0,3,1,0,3,0,0,0,0,1,0,2,0
0,"coleff, mr. peju",16,0,0,1,0,2,2,0,0,0,1,0,1,1,0,1,1,0,1,0,0,1,0,0,0,0,0
1,"lindqvist, mr. eino william",27,1,0,0,1,1,0,0,0,5,0,0,3,2,2,1,0,1,1,1,1,0,1,1,0,0,0
0,"hickman, mr. lewis",18,1,0,1,0,1,0,0,1,2,0,1,1,2,1,0,0,0,1,1,0,0,0,1,0,0,0
0,"butler, mr. reginald fenton",27,1,1,0,1,3,1,1,0,1,0,0,2,1,3,1,0,0,3,0,2,1,0,0,0,0,0
0,"rommetvedt, mr. knud paust",26,1,0,0,2,2,0,0,0,0,0,1,0,3,1,1,1,0,2,1,3,2,1,0,0,0,0
0,"cook, mr. jacob",15,1,1,2,0,0,0,0,0,0,1,1,0,1,0,3,0,0,1,0,0,0,0,0,0,0,0
1,"taylor, mrs. elmer zebley (juliet cummins wright)",49,1,1,1,0,5,0,1,1,3,1,0,4,4,1,1,0,0,4,2,3,2,0,1,0,2,1
1,"brown, mrs. thomas william solomon (elizabeth catherine ford)",61,4,2,1,1,4,1,0,3,4,0,0,4,4,3,6,0,0,4,3,3,0,0,2,0,0,1
0,"davidson, mr. thornton",22,1,0,0,2,0,0,0,1,1,0,0,0,1,3,3,0,0,2,1,2,0,1,0,0,0,0
0,"mitchell, mr. henry michael",27,1,0,2,0,3,0,0,3,2,0,0,3,3,1,0,0,0,2,0,1,0,0,0,0,1,0
1,"wilhelms, mr. charles",21,1,0,1,0,2,0,0,2,1,0,0,3,2,0,0,0,0,2,2,0,0,0,1,0,0,0
0,"watson, mr. ennis hastings",26,2,0,0,0,1,0,1,1,2,0,0,0,1,4,1,0,0,1,4,2,0,0,1,0,0,0
0,"edvardsson, mr. gustaf hjalmar",30,4,0,0,2,1,1,1,1,0,1,0,1,2,1,1,0,0,3,3,1,1,1,0,0,0,0
0,"sawyer, mr. frederick charles",29,2,0,2,1,4,1,0,1,1,0,1,1,1,0,0,0,0,5,2,0,0,0,1,0,1,0
1,"turja, miss. anna sofia",23,4,0,0,0,0,1,0,0,2,1,0,0,1,2,1,0,0,1,3,1,1,0,0,0,0,0
0,"goodwin, mrs. frederick (augusta tyler)",39,2,0,1,2,3,1,2,0,2,0,1,1,1,1,2,0,0,4,2,2,2,0,1,0,1,0
1,"cardeza, mr. thomas drake martinez",34,5,0,1,2,3,0,0,1,1,0,1,0,3,1,1,0,0,4,1,2,0,0,0,0,0,2
0,"peters, miss. katie",19,1,0,0,0,3,0,0,0,2,0,1,0,1,0,0,1,0,1,3,2,0,0,0,0,0,0
1,"hassab, mr. hammad",18,4,1,0,1,0,0,0,2,0,0,0,0,3,0,0,0,0,1,2,0,0,0,0,0,0,0
0,"olsvigen, mr. thor anderson",27,1,0,0,1,2,0,1,1,1,0,0,1,1,3,3,0,0,3,2,1,0,1,0,0,0,0
0,"goodwin, mr. charles edward",27,2,0,1,3,2,0,1,1,1,0,0,1,1,1,2,0,0,3,1,0,0,0,2,0,0,0
0,"brown, mr. thomas william solomon",33,2,1,0,0,0,0,0,1,2,0,0,3,4,2,5,0,0,2,2,1,0,0,2,0,0,0
0,"laroche, mr. joseph philippe lemercier",38,1,0,2,0,6,0,0,3,3,1,0,3,2,0,2,4,0,4,1,0,0,0,0,0,0,0
0,"panula, mr. jaako arnold",24,5,0,0,1,0,0,0,0,0,1,1,2,1,2,2,1,0,2,0,0,1,0,0,0,0,0
0,"dakic, mr. branko",17,2,1,1,1,0,0,0,0,1,0,2,0,1,1,1,0,0,2,0,0,0,0,0,0,0,0
0,"fischer, mr. eberhard thelander",31,2,1,1,2,5,1,0,3,1,0,0,1,1,1,0,0,0,5,1,1,0,0,0,0,0,0
1,"madill, miss. georgette alexandra",33,4,0,0,2,4,0,2,0,2,0,0,3,2,1,1,0,0,2,2,2,0,0,0,1,0,0
1,"dick, mr. albert adrian",23,3,1,1,2,1,0,0,0,2,0,1,1,1,1,0,0,0,3,0,1,0,0,0,0,0,0
1,"karun, miss. manca",18,3,0,1,0,0,0,0,0,1,0,1,0,2,2,0,0,0,1,2,0,1,0,0,0,0,0
1,"lam, mr. ali",12,2,0,0,0,0,0,0,0,1,0,0,2,2,0,0,0,0,1,0,0,0,0,0,0,0,0
0,"saad, mr. khalil",16,3,0,0,1,0,0,0,1,1,0,1,2,1,0,0,0,0,1,1,0,0,0,0,0,0,0
0,"weir, col. john",15,0,0,1,0,1,0,0,1,1,1,0,1,0,1,2,0,0,1,0,0,0,0,1,0,0,0
0,"chapman, mr. charles henry",26,3,0,2,0,2,0,0,3,0,0,0,1,2,2,0,1,0,3,1,0,0,0,0,0,1,0
0,"kelly, mr. james",16,1,0,0,0,2,0,0,0,0,1,1,2,2,0,0,0,0,1,1,0,0,0,0,0,1,0
1,"mullens, miss. katherine ""katie""",32,2,0,0,0,4,0,0,1,3,0,2,2,2,2,0,0,0,1,3,2,1,0,0,0,0,0
0,"thayer, mr. john borland",24,2,1,0,1,1,0,0,2,0,1,0,1,1,2,2,0,0,3,0,1,0,0,0,0,1,0
0,"humblen, mr. adolf mathias nicolai olsen",40,4,1,1,1,2,1,0,2,3,0,0,4,3,3,3,0,0,1,2,1,1,0,0,0,0,0
1,"astor, mrs. john jacob (madeleine talmadge force)",49,5,1,2,2,5,1,1,1,1,2,0,2,3,2,4,0,0,3,2,2,0,0,0,0,0,0
1,"silverthorne, mr. spencer victor",32,0,0,2,0,4,0,0,1,2,0,0,1,1,2,2,1,0,5,2,2,0,2,0,0,0,0
0,"barbara, miss. saiide",21,4,2,0,1,1,0,0,0,3,0,0,0,1,0,0,0,0,2,3,0,0,0,0,0,0,0
0,"gallagher, mr. martin",21,3,0,0,0,1,0,2,1,1,0,0,2,2,1,0,0,0,3,0,1,0,0,0,0,0,0
0,"hansen, mr. henrik juul",23,1,0,0,0,2,0,0,2,1,1,1,1,1,3,0,0,0,2,1,0,2,0,0,0,0,0
0,"morley, mr. henry samuel (""mr henry marshall"")",46,3,0,0,0,4,0,0,3,0,0,0,4,5,2,1,0,0,6,2,0,1,0,0,0,3,0
1,"kelly, mrs. florence ""fannie""",29,1,0,1,0,4,2,0,0,1,0,1,3,1,3,1,0,0,2,1,0,0,0,0,0,1,0
1,"calderhead, mr. edward pennington",33,3,0,1,4,4,0,1,1,1,0,0,1,1,4,1,1,0,3,0,1,0,0,1,0,0,0
1,"cleaver, miss. alice",20,2,0,2,0,3,0,0,0,2,0,0,2,1,0,0,0,0,1,2,0,0,1,0,0,0,0
1,"moubarek, master. halim gonios (""william george"")",49,4,1,0,0,4,0,3,1,4,0,1,3,4,1,4,0,0,3,2,1,1,0,1,0,0,0
1,"mayne, mlle. berthe antonine (""mrs de villiers"")",48,2,1,0,1,7,0,0,1,3,0,0,4,3,4,1,0,0,3,2,2,0,1,0,0,1,0
0,"klaber, mr. herman",18,2,1,0,0,2,0,0,1,0,0,1,1,2,1,0,0,0,3,0,0,0,0,0,0,0,0
1,"taylor, mr. elmer zebley",24,1,1,0,0,4,0,0,0,0,0,0,3,2,0,1,0,0,3,0,1,0,0,0,0,2,1
0,"larsson, mr. august viktor",26,2,0,0,0,0,0,1,0,1,0,1,1,1,1,2,0,0,3,3,2,2,1,0,0,0,0
0,"greenberg, mr. samuel",21,1,1,0,0,4,0,2,0,0,0,0,1,2,1,0,0,0,3,1,0,1,0,0,0,0,0
0,"soholt, mr. peter andreas lauritz andersen",42,4,0,0,2,5,0,0,1,1,0,0,2,1,3,2,1,0,5,3,3,1,0,0,0,0,1
1,"endres, miss. caroline louise",29,1,0,1,1,4,0,0,0,3,0,0,2,1,2,2,0,0,2,4,0,1,0,0,0,0,0
1,"troutt, miss. edwina celia ""winnie""",35,2,0,1,1,3,0,0,0,5,0,0,1,1,3,1,0,0,1,2,3,1,0,2,0,0,0
0,"mcevoy, mr. michael",19,1,0,2,0,2,0,0,1,1,0,0,1,3,0,1,0,0,1,0,0,0,1,0,0,1,0
0,"johnson, mr. malkolm joackim",28,2,0,1,0,0,0,0,1,1,2,2,2,4,2,4,0,0,1,1,0,0,0,0,0,0,0
1,"harper, miss. annie jessie ""nina""",33,3,0,0,0,4,0,0,1,4,1,0,0,1,4,0,1,0,2,4,0,0,0,0,0,0,0
0,"jensen, mr. svend lauritz",25,1,0,0,1,3,0,0,0,1,1,0,1,1,3,0,0,0,2,2,1,1,1,0,0,0,1
0,"gillespie, mr. william henry",28,1,0,0,0,3,0,1,1,4,0,0,4,2,1,0,1,0,2,1,0,0,0,1,0,1,0
0,"hodges, mr. henry price",23,0,0,1,1,3,0,1,2,1,0,0,0,1,1,1,1,0,3,1,0,0,0,0,0,1,0
1,"chambers, mr. norman campbell",29,3,2,2,0,2,0,0,1,0,0,0,2,4,2,1,1,0,3,1,0,0,0,0,0,0,0
0,"oreskovic, mr. luka",19,1,0,1,0,1,0,0,0,1,0,2,1,1,0,2,0,0,2,1,0,1,1,0,0,0,0
1,"renouf, mrs. peter henry (lillian jefferys)",43,1,0,0,0,6,3,0,1,2,1,0,3,1,3,1,1,0,5,2,1,1,0,0,0,2,0
1,"mannion, miss. margareth",24,3,0,0,0,1,0,1,1,2,0,0,0,3,3,1,0,0,2,2,1,0,0,0,0,0,0
0,"bryhl, mr. kurt arnold gottfrid",31,1,1,0,2,0,1,1,1,1,0,1,2,1,1,2,0,0,5,0,3,1,0,0,0,1,0
0,"ilmakangas, miss. pieta sofia",29,5,0,0,0,1,1,1,0,4,0,1,1,2,1,1,1,0,0,4,1,0,0,0,0,0,0
1,"allen, miss. elisabeth walton",29,3,1,0,0,3,0,0,1,2,0,0,4,1,2,1,0,0,0,3,2,0,0,1,0,0,0
0,"hassan, mr. houssein g n",24,2,0,0,0,1,0,1,2,1,0,0,0,1,3,1,0,0,1,4,0,1,0,0,0,0,0
0,"knight, mr. robert j",20,0,1,0,0,1,0,1,1,1,1,1,0,1,1,1,0,0,3,0,2,0,0,0,0,0,0
0,"berriman, mr. william john",26,2,1,0,0,1,0,0,1,3,1,0,2,3,2,1,0,0,3,0,0,0,0,1,0,0,0
0,"troupiansky, mr. moses aaron",28,3,0,0,0,1,0,0,0,1,0,1,0,2,2,3,1,0,3,3,1,1,0,0,0,1,0
0,"williams, mr. leslie",20,1,0,0,0,2,0,0,0,3,0,0,4,2,0,0,0,0,1,2,0,0,0,1,0,0,0
0,"ford, mrs. edward (margaret ann watson)",39,5,0,0,3,2,1,1,0,0,0,0,0,2,3,2,0,0,5,2,2,0,0,2,0,0,0
1,"lesurer, mr. gustave j",22,1,0,0,0,3,0,1,0,0,1,0,1,1,0,0,0,0,3,2,1,2,1,0,0,0,0
0,"ivanoff, mr. kanio",18,2,0,0,0,0,2,0,0,2,0,1,0,1,2,2,0,0,1,0,0,0,1,0,0,0,0
0,"nankoff, mr. minko",18,1,0,0,0,0,2,0,0,1,0,2,0,2,3,2,0,0,1,0,0,0,0,0,0,0,0
1,"hawksford, mr. walter james",27,3,0,0,1,2,1,0,1,0,1,1,1,2,0,1,0,0,3,2,1,0,0,2,0,0,0
0,"cavendish, mr. tyrell william",29,2,0,1,1,2,0,0,1,3,0,0,4,2,1,0,0,0,2,1,1,0,1,1,0,1,0
1,"ryerson, miss. susan parker ""suzette""",37,2,0,0,0,4,0,0,0,1,0,1,0,1,2,1,1,0,4,6,2,2,0,0,0,1,1
0,"mcnamee, mr. neal",17,2,0,1,0,3,0,0,0,0,0,0,1,3,2,0,0,0,1,0,0,0,0,0,0,0,0
1,"stranden, mr. juho",18,1,0,0,1,1,0,0,1,0,1,0,0,1,2,1,0,0,2,1,1,1,0,0,0,0,0
0,"crosby, capt. edward gifford",28,2,1,2,3,1,2,1,0,1,0,0,0,0,0,2,1,0,3,1,1,0,0,1,0,1,0
0,"abbott, mr. rossmore edward",27,2,2,0,2,2,0,0,0,0,0,0,0,2,0,3,0,0,4,2,2,0,0,1,0,0,0
1,"sinkkonen, miss. anna",21,2,0,0,0,1,0,0,0,2,0,2,0,1,5,1,0,0,0,3,0,0,0,0,0,0,0
0,"marvin, mr. daniel warner",25,3,0,0,1,2,0,0,0,2,0,0,1,2,3,0,0,0,4,0,0,0,1,1,0,0,0
0,"connaghton, mr. michael",23,2,0,2,0,1,0,1,2,1,0,0,1,2,3,2,0,0,1,0,1,0,0,0,0,0,0
1,"wells, miss. joan",17,1,0,0,0,1,0,0,0,1,1,0,2,1,1,1,0,0,0,3,0,0,0,1,0,0,0
1,"moor, master. meier",19,1,0,0,0,3,0,0,0,1,0,0,0,3,0,2,0,0,3,1,1,0,0,0,0,0,0
0,"vande velde, mr. johannes joseph",32,2,0,0,2,5,0,0,2,0,2,0,1,1,3,2,1,0,1,2,0,0,2,0,0,0,0
0,"jonkoff, mr. lalio",18,1,0,0,0,0,2,0,0,1,1,1,2,1,1,3,0,0,1,0,0,0,0,0,0,0,0
1,"herman, mrs. samuel (jane laver)",32,4,0,0,0,4,0,0,1,0,1,0,2,3,2,0,0,0,3,2,0,1,1,0,0,0,0
1,"hamalainen, master. viljo",25,4,0,0,0,2,0,0,1,2,1,0,2,2,2,1,0,0,1,1,1,0,1,0,0,0,0
0,"carlsson, mr. august sigfrid",28,2,0,1,1,0,1,2,0,2,0,0,1,1,1,1,0,0,3,4,1,2,0,0,0,0,0
0,"bailey, mr. percy andrew",24,2,1,1,1,3,0,0,0,1,0,0,1,1,1,0,1,0,3,0,0,0,0,1,0,2,0
0,"theobald, mr. thomas leonard",28,3,1,0,2,2,0,0,2,0,0,0,2,2,1,3,0,0,2,1,2,0,0,0,0,0,0
1,"rothes, the countess. of (lucy noel martha dyer-edwards)",56,3,0,2,3,6,1,0,3,0,0,0,2,1,2,4,0,0,4,4,4,2,0,1,0,2,0
0,"garfirth, mr. john",18,1,0,0,0,0,1,1,2,1,1,0,0,1,1,1,0,0,3,0,1,0,0,0,0,0,0
0,"nirva, mr. iisakki antino aijo",30,4,0,0,0,0,0,0,0,6,1,2,0,1,3,2,0,0,2,1,1,0,1,0,0,0,0
1,"barah, mr. hanna assi",21,5,1,0,0,0,0,0,2,1,0,0,0,1,2,0,0,0,2,2,0,0,0,0,0,0,0
1,"carter, mrs. william ernest (lucile polk)",41,2,0,2,0,4,0,0,0,3,0,1,5,2,1,1,1,0,4,2,2,1,0,1,0,0,0
0,"eklund, mr. hans linus",22,1,0,0,1,1,0,0,1,1,0,1,2,1,3,0,0,0,1,2,0,2,0,0,0,0,0
1,"hogeboom, mrs. john c (anna andrews)",36,3,1,1,1,2,0,1,2,0,1,0,0,2,4,4,0,0,2,2,0,0,0,1,0,0,0
0,"brewe, dr. arthur jackson",25,2,1,1,1,2,0,0,1,0,1,1,0,0,1,1,0,0,4,1,1,1,0,1,0,0,0
0,"mangan, miss. mary",18,3,0,0,0,0,0,1,0,1,0,0,0,3,2,0,0,0,1,2,0,0,0,0,0,1,0
0,"moran, mr. daniel j",19,2,0,0,1,1,0,0,0,1,1,0,1,2,2,1,0,0,2,0,0,0,0,0,0,0,0
0,"gronnestad, mr. daniel danielsen",32,3,0,0,3,4,0,1,0,2,0,0,2,1,5,1,0,0,2,2,1,0,0,0,0,0,0
0,"lievens, mr. rene aime",22,1,0,0,0,5,0,0,0,2,0,0,1,2,2,0,0,0,2,1,0,0,1,0,0,0,0
0,"jensen, mr. niels peder",23,0,0,0,1,5,0,0,0,1,1,0,1,1,3,0,1,0,2,2,0,0,0,0,0,0,0
0,"mack, mrs. (mary)",17,2,0,1,0,0,0,0,0,0,0,1,0,3,0,0,0,0,2,1,0,0,0,0,0,1,0
0,"elias, mr. dibo",15,1,1,0,1,1,0,0,0,2,0,0,1,1,0,1,0,0,1,1,0,0,0,0,0,0,0
1,"hocking, mrs. elizabeth (eliza needs)",37,2,1,1,1,5,0,1,2,3,0,1,2,1,2,1,0,0,1,2,1,0,0,0,0,0,2
0,"myhrman, mr. pehr fabian oliver malkolm",39,4,1,0,0,2,1,0,2,2,0,1,3,5,2,2,1,0,4,0,0,0,1,0,0,1,0
0,"tobin, mr. roger",16,0,1,0,0,1,0,1,0,1,0,0,0,1,1,2,0,0,3,0,1,0,0,0,0,0,0
1,"emanuel, miss. virginia ethel",29,2,0,0,0,4,0,1,1,4,0,0,2,2,2,0,0,0,1,2,1,1,1,0,0,0,0
0,"kilgannon, mr. thomas j",23,2,0,0,0,0,0,1,1,1,1,1,1,2,3,2,0,0,1,1,1,0,0,0,0,0,0
1,"robert, mrs. edward scott (elisabeth walton mcmillan)",53,4,2,2,2,4,0,0,1,2,0,0,4,3,2,3,0,0,4,3,5,0,0,2,0,0,0
1,"ayoub, miss. banoura",20,3,2,0,0,0,0,0,0,1,0,0,0,1,1,2,0,0,1,2,0,2,0,0,0,1,0
1,"dick, mrs. albert adrian (vera gillespie)",41,4,1,1,2,4,0,1,0,4,0,1,3,1,1,0,1,0,4,2,1,0,1,0,0,0,0
0,"long, mr. milton clyde",22,0,0,1,1,1,0,1,0,1,0,0,3,2,2,2,0,0,1,0,1,0,0,0,0,1,0
0,"johnston, mr. andrew g",22,1,0,0,1,1,0,1,1,0,1,0,0,1,3,2,0,0,2,1,1,0,0,1,0,0,0
0,"ali, mr. william",16,2,0,0,0,0,0,0,0,3,0,0,3,2,0,0,0,0,1,0,0,0,0,1,0,0,0
0,"harmer, mr. abraham (david lishin)",34,5,1,0,2,1,0,0,3,3,0,0,1,3,1,0,0,0,4,1,0,0,1,0,0,0,0
1,"sjoblom, miss. anna sofia",25,3,1,0,0,0,1,0,0,2,1,0,1,2,2,3,0,0,0,4,0,0,0,0,0,0,0
0,"rice, master. george hugh",25,1,0,1,0,4,0,3,2,1,0,0,0,1,0,1,0,0,3,1,1,1,0,0,0,0,0
1,"dean, master. bertram vere",26,3,1,0,1,5,0,0,0,0,0,0,0,2,1,0,0,0,4,1,2,0,1,0,0,0,0
0,"guggenheim, mr. benjamin",24,1,1,0,0,3,0,3,1,2,1,0,0,3,3,0,0,0,1,0,0,1,0,0,0,0,0
0,"keane, mr. andrew ""andy""",24,3,0,0,2,3,0,0,0,0,0,1,0,1,3,0,0,0,2,0,0,0,0,1,0,1,0
0,"gaskell, mr. alfred",19,2,0,0,1,2,1,1,0,0,0,1,3,1,0,0,0,0,2,1,0,0,0,0,0,0,0
0,"sage, miss. stella anna",23,4,0,0,0,2,0,1,0,1,0,0,2,1,2,0,0,0,0,4,1,0,0,0,0,0,0
0,"hoyt, mr. william fisher",24,1,0,0,0,1,1,0,2,3,0,0,2,2,0,1,0,0,2,1,1,0,0,1,0,1,0
0,"dantcheff, mr. ristiu",21,1,0,1,1,1,2,0,1,2,0,0,0,1,1,0,0,0,2,1,2,1,0,0,0,0,0
0,"otter, mr. richard",18,1,0,1,1,1,0,0,1,1,0,0,0,1,0,1,0,0,4,0,2,0,0,0,0,0,0
1,"leader, dr. alice (farnham)",27,4,0,1,2,3,1,0,1,1,0,0,2,1,1,0,0,0,3,0,0,0,0,0,0,0,0
1,"osman, mrs. mara",16,3,0,0,0,0,0,0,0,0,0,0,0,3,1,1,0,0,2,2,0,0,0,0,0,0,0
0,"ibrahim shawah, mr. yousseff",28,3,1,0,0,1,2,0,3,2,0,0,0,2,0,1,0,0,2,3,0,1,0,1,0,1,0
0,"van impe, mrs. jean baptiste (rosalie paula govaert)",52,7,1,0,0,5,0,1,0,3,1,0,2,2,2,2,3,0,3,3,3,1,2,0,0,0,0
0,"ponesell, mr. martin",20,1,0,0,0,2,0,0,0,1,0,0,2,2,2,1,1,0,2,1,1,0,0,0,0,0,0
1,"collyer, mrs. harvey (charlotte annie tate)",43,4,0,2,0,5,0,0,2,1,0,0,3,1,2,2,0,0,4,1,4,0,1,0,0,2,0
1,"carter, master. william thornton ii",35,3,0,1,0,2,0,0,1,4,0,0,2,2,2,2,0,0,4,1,4,0,0,1,0,0,0
1,"thomas, master. assad alexander",31,6,0,0,2,3,0,0,1,0,0,0,1,2,1,1,0,0,2,4,2,0,0,0,1,0,0
1,"hedman, mr. oskar arvid",23,3,0,0,2,1,0,0,1,1,0,1,0,2,1,1,0,0,3,1,0,0,1,0,0,0,0
0,"johansson, mr. karl johan",25,3,0,0,0,0,0,0,2,0,2,1,1,1,3,3,0,0,2,2,0,0,0,0,0,0,0
0,"andrews, mr. thomas jr",22,2,0,0,1,1,0,0,1,0,1,0,0,2,1,1,0,0,3,2,1,0,0,1,0,0,0
0,"pettersson, miss. ellen natalia",31,3,0,0,0,4,0,0,0,2,0,0,3,1,3,1,1,0,1,4,3,0,0,0,0,0,0
0,"meyer, mr. august",17,1,0,0,0,2,0,1,0,0,0,0,0,2,0,0,0,0,2,1,1,2,0,0,0,1,0
1,"chambers, mrs. norman campbell (bertha griggs)",46,4,3,2,0,3,0,3,2,1,0,0,2,4,2,1,1,0,5,3,1,0,0,0,0,0,0
0,"alexander, mr. william",22,3,0,0,1,2,0,0,0,2,0,0,3,2,1,0,0,0,2,0,0,0,0,1,1,0,0
0,"lester, mr. james",17,1,0,0,0,3,0,0,0,0,1,0,1,2,0,0,0,0,2,2,1,0,0,0,0,0,0
0,"slemen, mr. richard james",25,2,0,1,1,3,0,0,1,1,1,0,1,3,1,0,0,0,3,2,0,0,0,0,0,0,0
0,"andersson, miss. ebba iris alfrida",34,4,2,0,2,2,1,0,0,4,0,0,1,1,2,1,0,0,3,5,0,0,0,0,0,0,0
0,"tomlin, mr. ernest portage",26,1,0,0,0,3,0,1,0,1,0,0,1,2,2,2,1,0,3,1,3,0,0,0,0,0,0
0,"fry, mr. richard",16,1,0,1,1,0,1,0,1,1,0,0,0,1,0,0,0,0,4,0,0,0,0,0,0,1,0
0,"heininen, miss. wendla maria",28,3,0,0,1,3,0,0,1,4,0,0,1,2,4,0,0,0,1,2,0,0,0,1,0,0,0
0,"mallet, mr. albert",18,2,1,0,0,2,0,0,0,0,0,0,3,2,0,0,0,0,2,0,2,0,0,0,0,0,0
0,"holm, mr. john fredrik alexander",32,2,0,0,2,3,1,0,2,1,1,1,2,2,2,2,0,0,4,0,0,0,0,0,1,0,0
0,"skoog, master. karl thorsten",28,2,0,0,0,2,0,1,1,0,0,2,1,1,1,3,0,0,3,3,3,0,0,0,0,0,0
1,"hays, mrs. charles melville (clara jennings gregg)",50,4,0,2,0,5,0,4,2,2,1,0,5,2,3,0,0,0,4,4,0,0,1,0,0,1,0
1,"lulic, mr. nikola",17,1,0,1,0,0,0,0,0,2,0,1,3,1,1,1,0,0,1,0,0,1,0,0,0,0,0
0,"reuchlin, jonkheer. john george",31,0,0,1,0,5,0,2,3,1,2,1,1,0,3,3,0,0,3,0,0,1,0,0,0,0,0
1,"moor, mrs. (beila)",18,1,1,0,0,1,0,0,0,1,0,0,1,2,0,2,0,0,2,1,0,0,0,0,0,0,0
0,"panula, master. urho abraham",28,6,1,0,0,1,0,0,2,0,0,0,1,2,1,1,1,0,3,1,1,2,0,0,0,0,0
0,"flynn, mr. john",15,0,0,0,0,0,1,0,1,0,1,0,1,1,3,1,0,0,1,0,0,0,0,0,0,1,0
0,"lam, mr. len",12,1,0,0,0,1,0,0,0,0,0,0,2,2,1,0,0,0,1,0,0,0,0,0,0,0,0
1,"mallet, master. andre",21,3,0,0,1,3,0,0,0,0,0,0,2,2,1,0,0,0,2,1,2,0,0,0,0,0,0
1,"mccormack, mr. thomas joseph",28,2,0,3,0,1,0,0,2,0,1,1,0,4,0,3,1,0,2,2,1,0,0,0,0,0,0
1,"stone, mrs. george nelson (martha evelyn)",41,2,0,0,0,6,0,2,1,0,0,0,2,2,4,3,0,0,3,3,2,0,1,0,0,1,0
1,"yasbeck, mrs. antoni (selini alexander)",39,4,1,1,1,4,0,0,0,3,0,1,2,1,4,1,0,0,2,3,1,0,0,0,1,1,0
1,"richards, master. george sibley",31,2,1,1,1,4,0,2,1,2,0,0,1,1,0,1,0,0,4,3,1,0,0,0,0,1,0
0,"saad, mr. amin",14,3,0,0,1,0,0,0,0,1,0,0,0,2,1,0,0,0,1,1,0,0,0,0,0,0,0
0,"augustsson, mr. albert",22,2,1,0,0,1,0,1,0,0,0,0,1,1,1,1,0,0,2,3,2,2,0,0,0,0,0
0,"allum, mr. owen george",22,1,0,0,0,3,0,2,0,0,0,0,2,2,1,2,0,0,2,0,0,1,0,1,0,0,0
1,"compton, miss. sara rebecca",27,3,1,3,0,2,0,0,0,1,0,0,0,2,1,2,1,0,2,3,1,0,0,0,0,0,0
0,"pasic, mr. jakob",16,2,1,1,0,0,0,0,0,1,1,1,0,1,0,1,1,0,1,1,0,0,0,0,0,0,0
0,"sirota, mr. maurice",19,2,0,1,0,1,0,0,0,2,0,0,0,2,0,1,0,0,3,1,1,1,0,0,0,0,0
1,"chip, mr. chang",15,1,0,2,0,0,0,1,2,1,0,0,0,1,1,0,1,0,1,0,0,0,0,0,0,0,0
1,"marechal, mr. pierre",20,2,0,1,0,3,0,0,1,1,0,0,1,2,0,0,1,0,4,0,0,0,0,0,0,0,0
0,"alhomaki, mr. ilmari rudolf",27,3,0,0,1,0,1,0,1,3,0,1,3,3,0,2,0,0,3,0,0,1,0,0,0,0,0
0,"mudd, mr. thomas charles",24,2,0,1,2,1,0,0,2,0,0,0,1,3,0,1,0,0,2,2,1,1,0,0,0,0,0
1,"serepeca, miss. augusta",23,3,0,1,0,3,0,1,0,1,0,0,0,1,0,0,1,0,1,4,1,2,0,0,0,0,0
0,"lemberopolous, mr. peter l",26,0,1,0,0,4,0,0,0,0,0,0,3,2,0,3,2,0,3,1,1,1,0,0,0,0,0
0,"culumovic, mr. jeso",19,0,0,2,0,1,0,0,0,1,1,0,1,2,0,2,0,0,1,1,0,2,1,0,0,0,0
0,"abbing, mr. anthony",19,2,2,0,0,0,0,1,1,1,0,0,0,1,3,1,0,0,1,0,1,0,0,0,0,1,0
0,"sage, mr. douglas bullen",24,2,1,0,1,2,0,2,0,0,0,0,3,1,1,1,0,0,1,2,0,2,0,0,0,0,0
0,"markoff, mr. marin",18,2,0,0,0,0,2,0,0,1,0,1,0,3,1,1,0,0,3,0,0,0,0,0,0,0,0
0,"harper, rev. john",17,1,0,0,0,2,0,0,2,0,1,0,0,0,1,1,1,0,3,0,0,0,1,0,0,0,0
1,"goldenberg, mrs. samuel l (edwiga grabowska)",44,4,2,0,2,4,0,4,0,1,0,1,3,2,1,2,0,0,3,3,0,1,0,2,0,0,0
0,"andersson, master. sigvard harald elias",39,6,0,0,3,3,0,1,1,2,0,0,2,1,2,1,0,0,4,5,1,0,1,0,0,0,0
0,"svensson, mr. johan",19,1,0,0,0,1,0,0,1,0,1,0,0,1,3,2,0,0,1,3,0,0,1,0,0,0,0
0,"boulos, miss. nourelain",23,1,1,0,0,1,0,0,0,2,0,0,2,1,2,3,0,0,1,3,0,2,0,0,0,0,0
1,"lines, miss. mary conover",25,1,0,1,0,2,0,0,0,2,0,0,1,2,2,2,0,0,2,3,0,0,1,0,0,1,0
0,"carter, mrs. ernest courtenay (lilian hughes)",45,3,0,2,0,5,0,1,2,2,0,0,2,1,3,1,0,0,5,3,3,2,0,0,0,1,0
1,"aks, mrs. sam (leah rosen)",26,3,0,0,0,2,0,0,1,0,0,1,1,2,1,1,0,0,2,4,0,0,0,0,0,0,0
1,"wick, mrs. george dennick (mary hitchcock)",42,1,0,5,1,3,0,2,2,3,0,3,0,2,2,2,0,0,3,1,1,0,0,1,0,1,0
1,"daly, mr. peter denis ",22,1,0,0,2,3,0,0,0,1,0,0,1,1,1,0,1,0,2,1,1,0,0,0,0,1,0
1,"baclini, mrs. solomon (latifa qurban)",37,4,2,1,0,0,1,0,0,3,0,0,3,2,3,3,0,1,2,2,1,1,0,0,0,0,0
0,"razi, mr. raihed",16,2,0,0,1,1,0,0,1,2,0,0,0,1,0,0,0,0,3,0,0,0,0,0,0,0,1
0,"hansen, mr. claus peter",23,2,0,1,0,3,0,0,1,0,0,0,1,1,2,0,1,0,2,2,1,1,0,0,0,0,0
0,"giles, mr. frederick edward",27,1,0,1,3,4,1,1,0,2,0,1,1,1,0,0,0,0,4,1,0,0,0,1,0,0,0
1,"swift, mrs. frederick joel (margaret welles barron)",51,3,1,1,1,6,2,1,0,2,1,1,3,2,1,2,0,0,7,3,2,0,0,2,0,0,0
0,"sage, miss. dorothy edith ""dolly""",33,1,0,0,3,2,0,1,2,2,0,0,2,1,0,3,0,0,1,3,2,0,0,0,0,2,0
0,"gill, mr. john william",22,1,0,0,0,0,0,1,1,3,1,0,4,2,1,1,0,0,1,0,0,0,0,1,0,0,0
1,"bystrom, mrs. (karolina)",24,2,1,0,0,0,0,0,0,1,0,1,1,2,1,2,0,0,3,2,1,0,0,0,0,1,0
1,"duran y more, miss. asuncion",28,2,0,1,1,1,0,0,0,2,0,0,0,2,3,2,0,0,2,3,0,2,0,0,0,1,0
0,"roebling, mr. washington augustus ii",36,2,1,0,0,1,0,3,1,4,0,0,1,1,3,2,0,0,2,3,2,3,0,1,0,0,0
0,"van melkebeke, mr. philemon",27,1,1,0,0,5,0,0,1,1,0,2,2,3,2,1,1,0,1,0,0,0,1,0,0,0,0
1,"johnson, master. harold theodor",31,2,0,0,2,2,0,0,3,0,1,0,1,1,2,5,0,0,3,2,2,0,0,0,0,0,0
0,"balkic, mr. cerin",17,1,1,2,0,1,0,0,0,2,0,1,1,1,1,0,0,0,2,0,0,0,0,0,0,0,0
1,"beckwith, mrs. richard leonard (sallie monypeny)",48,3,1,2,2,4,0,0,2,3,0,1,3,2,3,2,1,0,4,2,1,0,0,1,0,2,0
0,"carlsson, mr. frans olof",24,2,0,1,0,0,2,0,0,0,0,0,2,1,2,3,0,0,3,3,0,0,0,0,0,0,0
0,"vander cruyssen, mr. victor",27,1,0,2,1,2,0,0,0,1,0,0,0,1,2,1,0,0,4,2,1,1,2,0,0,1,0
1,"abelson, mrs. samuel (hannah wizosky)",37,4,1,0,0,2,0,0,2,1,0,1,2,2,3,2,0,0,1,4,0,1,0,1,0,1,1
1,"najib, miss. adele kiamie ""jane""",32,4,1,0,1,4,0,0,0,4,2,1,1,2,2,0,0,0,0,2,0,0,0,0,0,0,0
0,"gustafsson, mr. alfred ossian",29,3,0,0,1,1,2,1,0,1,0,0,1,1,2,2,0,0,2,5,1,1,0,0,0,0,0
0,"petroff, mr. nedelio",20,0,0,0,1,3,2,0,0,1,0,0,1,1,1,2,1,0,2,0,1,0,0,0,0,0,0
0,"laleff, mr. kristo",18,1,0,0,0,1,2,0,0,1,0,1,2,1,0,1,0,0,2,1,1,0,0,0,0,0,0
1,"potter, mrs. thomas jr (lily alexenia wilson)",45,3,0,0,0,3,0,0,1,3,1,0,4,2,2,3,1,0,3,3,3,0,0,1,1,1,0
1,"shelley, mrs. william (imanita parrish hall)",44,5,0,0,0,2,0,0,3,5,0,0,6,3,1,0,1,0,3,3,1,0,0,1,0,1,0
0,"markun, mr. johann",18,2,0,0,0,0,0,0,1,0,1,1,0,2,3,1,0,0,2,0,0,1,0,0,0,0,0
0,"dahlberg, miss. gerda ulrika",28,3,1,0,2,2,0,2,1,2,0,1,2,1,0,0,0,0,3,2,0,1,0,0,0,0,0
0,"banfield, mr. frederick james",29,2,1,1,2,4,2,0,0,2,1,1,1,2,1,0,0,0,3,1,0,0,0,0,0,0,0
0,"sutehall, mr. henry jr",22,1,0,0,0,2,0,0,2,0,1,0,2,1,1,0,0,0,3,1,1,1,0,0,0,1,0
0,"rice, mrs. william (margaret norton)",36,3,0,1,0,2,0,1,0,3,0,0,2,3,2,2,0,0,5,1,2,0,0,1,0,0,0
0,"montvila, rev. juozas",21,2,0,0,0,1,0,0,0,1,1,0,1,1,1,2,0,0,1,1,1,1,2,0,0,0,1
1,"graham, miss. margaret edith",28,4,0,0,1,2,0,2,2,2,0,0,0,3,0,0,0,0,3,2,2,0,0,0,0,0,0
0,"johnston, miss. catherine helen ""carrie""",40,2,0,2,0,5,0,0,3,3,1,0,1,1,4,2,0,0,3,3,2,0,0,0,0,0,0
1,"behr, mr. karl howell",21,1,1,0,0,2,0,0,2,0,0,1,3,1,0,1,0,0,3,0,0,0,0,1,0,0,0
0,"dooley, mr. patrick",19,1,0,1,1,1,0,0,0,1,0,1,1,1,0,2,1,0,2,0,1,0,0,0,0,1,0
